ticker,company_name,fiscal_year,period,year_status,metric,line_item_std,currency,official_ifrs_value,smartlab_value,selected_value,source_status,conflict_flag,needs_manual_review,selected_reason,official_fact_role,source_url,quality_score
SBER,Sber,2020,2020H1,stale,revenue,revenue,RUB,708200000000.0,nan,708200000000.0,Official IFRS,False,False,,best_value,https://www.sberbank.com/common/img/uploaded/files/info/en/sberbank_ifrs_6m2020_eng.pdf,96.0
SBER,Sber,2020,2020H1,stale,net_income,net_income,RUB,287200000000.0,nan,287200000000.0,Official IFRS,False,False,,best_value,https://www.sberbank.com/common/img/uploaded/files/info/en/sberbank_ifrs_6m2020_eng.pdf,96.0
SBER,Sber,2020,2020H1,stale,total_assets,total_assets,RUB,32383400000000.0,nan,32383400000000.0,Official IFRS,False,False,,best_value,https://www.sberbank.com/common/img/uploaded/files/info/en/sberbank_ifrs_6m2020_eng.pdf,96.0
SBER,Sber,2020,2020H1,stale,total_equity,total_equity,RUB,4827600000000.0,nan,4827600000000.0,Official IFRS,False,False,,best_value,https://www.sberbank.com/common/img/uploaded/files/info/en/sberbank_ifrs_6m2020_eng.pdf,96.0
SBER,Sber,2020,2020H1,stale,total_debt,total_debt,RUB,1478700000000.0,nan,1478700000000.0,Official IFRS,False,False,,best_value,https://www.sberbank.com/common/img/uploaded/files/info/en/sberbank_ifrs_6m2020_eng.pdf,96.0
SBER,Sber,2020,2020H1,stale,cash_and_equivalents,cash_and_equivalents,RUB,2567400000000.0,nan,2567400000000.0,Official IFRS,False,False,,best_value,https://www.sberbank.com/common/img/uploaded/files/info/en/sberbank_ifrs_6m2020_eng.pdf,96.0
SBER,Sber,2020,2020H1,stale,operating_cash_flow,operating_cash_flow,RUB,460800000000.0,nan,460800000000.0,Official IFRS,False,False,,best_value,https://www.sberbank.com/common/img/uploaded/files/info/en/sberbank_ifrs_6m2020_eng.pdf,96.0
SBER,Sber,2020,2020H1,stale,capex,capex,RUB,-64099999999.99999,nan,-64099999999.99999,Official IFRS,False,False,,best_value,https://www.sberbank.com/common/img/uploaded/files/info/en/sberbank_ifrs_6m2020_eng.pdf,96.0
SBER,Sber,2020,2020H1,stale,free_cash_flow,free_cash_flow,RUB,396700000000.0,nan,396700000000.0,Official IFRS,False,False,,best_value,https://www.sberbank.com/common/img/uploaded/files/info/en/sberbank_ifrs_6m2020_eng.pdf,96.0
SBER,Sber,2020,2020H1,stale,dividends_paid,dividends_paid,RUB,1600000000.0,nan,1600000000.0,Official IFRS,False,False,,best_value,https://www.sberbank.com/common/img/uploaded/files/info/en/sberbank_ifrs_6m2020_eng.pdf,96.0
LKOH,Lukoil,2021,2021,stale,revenue,revenue,RUB,9435143000000.0,9435143000000.0,9435143000000.0,Official IFRS,False,False,,best_value,https://www.lukoil.com/FileSystem/9/577500.pdf?dl=1,96.0
LKOH,Lukoil,2021,2021,stale,net_income,net_income,RUB,775513000000.0,775513000000.0,775513000000.0,Official IFRS,False,False,,best_value,https://www.lukoil.com/FileSystem/9/577500.pdf?dl=1,96.0
LKOH,Lukoil,2021,2021,stale,total_assets,total_assets,RUB,6864749000000.0,6864749000000.0,6864749000000.0,Official IFRS,False,False,,best_value,https://www.lukoil.com/FileSystem/9/577500.pdf?dl=1,96.0
LKOH,Lukoil,2021,2021,stale,total_equity,total_equity,RUB,4523184000000.0,4523184000000.0,4523184000000.0,Official IFRS,False,False,,best_value,https://www.lukoil.com/FileSystem/9/577500.pdf?dl=1,96.0
LKOH,Lukoil,2021,2021,stale,total_debt,total_debt,RUB,757950000000.0,758000000000.0,757950000000.0,Official IFRS,False,False,,best_value,https://www.lukoil.com/FileSystem/9/577500.pdf?dl=1,96.0
LKOH,Lukoil,2021,2021,stale,cash_and_equivalents,cash_and_equivalents,RUB,677482000000.0,677482000000.0,677482000000.0,Official IFRS,False,False,,best_value,https://www.lukoil.com/FileSystem/9/577500.pdf?dl=1,96.0
LKOH,Lukoil,2021,2021,stale,operating_cash_flow,operating_cash_flow,RUB,1126614000000.0,1126614000000.0,1126614000000.0,Official IFRS,False,False,,best_value,https://www.lukoil.com/FileSystem/9/577500.pdf?dl=1,96.0
LKOH,Lukoil,2021,2021,stale,capex,capex,RUB,-433042000000.0,433042000000.0,-433042000000.0,Conflict,True,True,,best_value,https://www.lukoil.com/FileSystem/9/577500.pdf?dl=1,96.0
LKOH,Lukoil,2021,2021,stale,free_cash_flow,free_cash_flow,RUB,693572000000.0,693572000000.0,693572000000.0,Official IFRS,False,False,,best_value,https://www.lukoil.com/FileSystem/9/577500.pdf?dl=1,96.0
LKOH,Lukoil,2021,2021,stale,dividends_paid,dividends_paid,RUB,357672000000.0,nan,357672000000.0,Official IFRS,False,False,,best_value,https://www.lukoil.com/FileSystem/9/577500.pdf?dl=1,96.0
PHOR,PhosAgro,2025,2025,newer_than_target,revenue,revenue,RUB,573628000000.0,573600000000.0,573628000000.0,Official IFRS,False,False,,best_value,https://cdn.phosagro.com/upload/iblock/92d/j3831nr7hhuejv3w2m888g075kwfw3px.pdf,96.0
PHOR,PhosAgro,2025,2025,newer_than_target,net_income,net_income,RUB,114243000000.0,nan,114243000000.0,Official IFRS,False,False,,best_value,https://cdn.phosagro.com/upload/iblock/92d/j3831nr7hhuejv3w2m888g075kwfw3px.pdf,96.0
PHOR,PhosAgro,2025,2025,newer_than_target,total_assets,total_assets,RUB,663888000000.0,663900000000.0,663888000000.0,Official IFRS,False,False,,best_value,https://cdn.phosagro.com/upload/iblock/92d/j3831nr7hhuejv3w2m888g075kwfw3px.pdf,96.0
PHOR,PhosAgro,2025,2025,newer_than_target,total_equity,total_equity,RUB,239793000000.0,239600000000.0,239793000000.0,Official IFRS,False,False,,best_value,https://cdn.phosagro.com/upload/iblock/92d/j3831nr7hhuejv3w2m888g075kwfw3px.pdf,96.0
PHOR,PhosAgro,2025,2025,newer_than_target,total_debt,total_debt,RUB,328777000000.0,328800000000.0,328777000000.0,Official IFRS,False,False,,best_value,https://cdn.phosagro.com/upload/iblock/92d/j3831nr7hhuejv3w2m888g075kwfw3px.pdf,96.0
PHOR,PhosAgro,2025,2025,newer_than_target,cash_and_equivalents,cash_and_equivalents,RUB,14681000000.0,nan,14681000000.0,Official IFRS,False,False,,best_value,https://cdn.phosagro.com/upload/iblock/92d/j3831nr7hhuejv3w2m888g075kwfw3px.pdf,96.0
PHOR,PhosAgro,2025,2025,newer_than_target,operating_cash_flow,operating_cash_flow,RUB,93114000000.0,nan,93114000000.0,Official IFRS,False,False,,best_value,https://cdn.phosagro.com/upload/iblock/92d/j3831nr7hhuejv3w2m888g075kwfw3px.pdf,96.0
PHOR,PhosAgro,2025,2025,newer_than_target,capex,capex,RUB,-67296000000.0,nan,-67296000000.0,Official IFRS,False,False,,best_value,https://cdn.phosagro.com/upload/iblock/92d/j3831nr7hhuejv3w2m888g075kwfw3px.pdf,96.0
PHOR,PhosAgro,2025,2025,newer_than_target,free_cash_flow,free_cash_flow,RUB,25818000000.0,nan,25818000000.0,Official IFRS,False,False,,best_value,https://cdn.phosagro.com/upload/iblock/92d/j3831nr7hhuejv3w2m888g075kwfw3px.pdf,96.0
PHOR,PhosAgro,2025,2025,newer_than_target,dividends_paid,dividends_paid,RUB,46620000000.0,nan,46620000000.0,Official IFRS,False,False,,best_value,https://cdn.phosagro.com/upload/iblock/92d/j3831nr7hhuejv3w2m888g075kwfw3px.pdf,96.0
MOEX,Moscow Exchange,2025,2025,newer_than_target,revenue,revenue,RUB,129041200000.0,129000000000.0,129041200000.0,Official IFRS,False,False,,best_value,https://fs.moex.com/f/23629/summary-micex-rts-fs-fs-4q2025-eng.pdf,96.0
MOEX,Moscow Exchange,2025,2025,newer_than_target,net_income,net_income,RUB,59390700000.0,57700000000.0,59390700000.0,Conflict,True,False,,best_value,https://fs.moex.com/f/23629/summary-micex-rts-fs-fs-4q2025-eng.pdf,96.0
MOEX,Moscow Exchange,2025,2025,newer_than_target,total_assets,total_assets,RUB,13027819100000.0,13028000000000.0,13027819100000.0,Official IFRS,False,False,,best_value,https://fs.moex.com/f/23629/summary-micex-rts-fs-fs-4q2025-eng.pdf,96.0
MOEX,Moscow Exchange,2025,2025,newer_than_target,total_equity,total_equity,RUB,269569200000.0,269100000000.0,269569200000.0,Official IFRS,False,False,,best_value,https://fs.moex.com/f/23629/summary-micex-rts-fs-fs-4q2025-eng.pdf,96.0
MOEX,Moscow Exchange,2025,2025,newer_than_target,total_debt,total_debt,RUB,21574800000.0,nan,21574800000.0,Official IFRS,False,False,,best_value,https://fs.moex.com/f/23629/summary-micex-rts-fs-fs-4q2025-eng.pdf,96.0
MOEX,Moscow Exchange,2025,2025,newer_than_target,cash_and_equivalents,cash_and_equivalents,RUB,691623300000.0,nan,691623300000.0,Official IFRS,False,False,,best_value,https://fs.moex.com/f/23629/summary-micex-rts-fs-fs-4q2025-eng.pdf,96.0
MOEX,Moscow Exchange,2025,2025,newer_than_target,operating_cash_flow,operating_cash_flow,RUB,111148600000.0,nan,111148600000.0,Official IFRS,False,False,,best_value,https://fs.moex.com/f/23629/summary-micex-rts-fs-fs-4q2025-eng.pdf,96.0
MOEX,Moscow Exchange,2025,2025,newer_than_target,capex,capex,RUB,-13567400000.0,nan,-13567400000.0,Official IFRS,False,False,,best_value,https://fs.moex.com/f/23629/summary-micex-rts-fs-fs-4q2025-eng.pdf,96.0
MOEX,Moscow Exchange,2025,2025,newer_than_target,free_cash_flow,free_cash_flow,RUB,97581200000.0,nan,97581200000.0,Official IFRS,False,False,,best_value,https://fs.moex.com/f/23629/summary-micex-rts-fs-fs-4q2025-eng.pdf,96.0
MOEX,Moscow Exchange,2025,2025,newer_than_target,dividends_paid,dividends_paid,RUB,59107300000.0,nan,59107300000.0,Official IFRS,False,False,,best_value,https://fs.moex.com/f/23629/summary-micex-rts-fs-fs-4q2025-eng.pdf,96.0
CHMF,Severstal,2021,2021,stale,revenue,revenue,USD,11638000000.0,nan,11638000000.0,Official IFRS,False,False,,best_value,https://severstal.com/upload/iblock/e1d/Financial_and_Operating_data_SVST_4Q_21.xlsx,96.0
CHMF,Severstal,2021,2021,stale,net_income,net_income,USD,4075000000.0,nan,4075000000.0,Official IFRS,False,False,,best_value,https://severstal.com/upload/iblock/e1d/Financial_and_Operating_data_SVST_4Q_21.xlsx,96.0
CHMF,Severstal,2021,2021,stale,total_assets,total_assets,USD,8668000000.0,nan,8668000000.0,Official IFRS,False,False,,best_value,https://severstal.com/upload/iblock/e1d/Financial_and_Operating_data_SVST_4Q_21.xlsx,96.0
CHMF,Severstal,2021,2021,stale,total_equity,total_equity,USD,4209000000.0,nan,4209000000.0,Official IFRS,False,False,,best_value,https://severstal.com/upload/iblock/e1d/Financial_and_Operating_data_SVST_4Q_21.xlsx,96.0
CHMF,Severstal,2021,2021,stale,total_debt,total_debt,USD,1816000000.0,nan,1816000000.0,Official IFRS,False,False,,best_value,https://severstal.com/upload/iblock/e1d/Financial_and_Operating_data_SVST_4Q_21.xlsx,96.0
CHMF,Severstal,2021,2021,stale,cash_and_equivalents,cash_and_equivalents,USD,418000000.0,nan,418000000.0,Official IFRS,False,False,,best_value,https://severstal.com/upload/iblock/e1d/Financial_and_Operating_data_SVST_4Q_21.xlsx,96.0
CHMF,Severstal,2021,2021,stale,operating_cash_flow,operating_cash_flow,USD,4676000000.0,nan,4676000000.0,Official IFRS,False,False,,best_value,https://severstal.com/upload/iblock/e1d/Financial_and_Operating_data_SVST_4Q_21.xlsx,96.0
CHMF,Severstal,2021,2021,stale,capex,capex,USD,-1068000000.0,nan,-1068000000.0,Official IFRS,False,False,,best_value,https://severstal.com/upload/iblock/e1d/Financial_and_Operating_data_SVST_4Q_21.xlsx,96.0
CHMF,Severstal,2021,2021,stale,free_cash_flow,free_cash_flow,USD,3539000000.0,nan,3539000000.0,Official IFRS,False,False,,best_value,https://severstal.com/upload/iblock/e1d/Financial_and_Operating_data_SVST_4Q_21.xlsx,96.0
CHMF,Severstal,2021,2021,stale,dividends_paid,dividends_paid,USD,2912000000.0,nan,2912000000.0,Official IFRS,False,False,,best_value,https://severstal.com/upload/iblock/e1d/Financial_and_Operating_data_SVST_4Q_21.xlsx,96.0
PLZL,Polyus,2024,2024,current_2024,revenue,revenue,USD,7343000000.0,nan,7343000000.0,Official IFRS,False,False,,best_value,https://polyus.com/en/investors/results-and-reports/,96.0
PLZL,Polyus,2024,2024,current_2024,net_income,net_income,USD,3214000000.0,nan,3214000000.0,Official IFRS,False,False,,best_value,https://polyus.com/en/investors/results-and-reports/,96.0
PLZL,Polyus,2024,2024,current_2024,total_assets,total_assets,USD,11329000000.0,nan,11329000000.0,Official IFRS,False,False,,best_value,https://polyus.com/en/investors/results-and-reports/,96.0
PLZL,Polyus,2024,2024,current_2024,total_equity,total_equity,USD,1249000000.0,nan,1249000000.0,Official IFRS,False,False,,best_value,https://polyus.com/en/investors/results-and-reports/,96.0
PLZL,Polyus,2024,2024,current_2024,total_debt,total_debt,USD,8653000000.0,nan,8653000000.0,Official IFRS,False,False,,best_value,https://polyus.com/en/investors/results-and-reports/,96.0
PLZL,Polyus,2024,2024,current_2024,cash_and_equivalents,cash_and_equivalents,USD,1577000000.0,nan,1577000000.0,Official IFRS,False,False,,best_value,https://polyus.com/en/investors/results-and-reports/,96.0
PLZL,Polyus,2024,2024,current_2024,operating_cash_flow,operating_cash_flow,USD,3414000000.0,nan,3414000000.0,Official IFRS,False,False,,best_value,https://polyus.com/en/investors/results-and-reports/,96.0
PLZL,Polyus,2024,2024,current_2024,capex,capex,USD,-1476000000.0,nan,-1476000000.0,Official IFRS,False,False,,best_value,https://polyus.com/en/investors/results-and-reports/,96.0
PLZL,Polyus,2024,2024,current_2024,free_cash_flow,free_cash_flow,USD,1938000000.0,nan,1938000000.0,Official IFRS,False,False,,best_value,https://polyus.com/en/investors/results-and-reports/,96.0
PLZL,Polyus,2024,2024,current_2024,dividends_paid,dividends_paid,USD,1064000000.0,nan,1064000000.0,Official IFRS,False,False,,best_value,https://polyus.com/en/investors/results-and-reports/,96.0
MGNT,Magnit,2024,2024,current_2024,revenue,revenue,RUB,3043433503000.0,3043433503000.0,3043433503000.0,Official IFRS,False,False,,best_value,https://www.magnit.com/en/shareholders-and-investors/results-and-reports/,96.0
MGNT,Magnit,2024,2024,current_2024,net_income,net_income,RUB,44333844000.0,44333844000.0,44333844000.0,Official IFRS,False,False,,best_value,https://www.magnit.com/en/shareholders-and-investors/results-and-reports/,96.0
MGNT,Magnit,2024,2024,current_2024,total_assets,total_assets,RUB,1563913815000.0,1563913815000.0,1563913815000.0,Official IFRS,False,False,,best_value,https://www.magnit.com/en/shareholders-and-investors/results-and-reports/,96.0
MGNT,Magnit,2024,2024,current_2024,total_equity,total_equity,RUB,181313618000.0,181313618000.0,181313618000.0,Official IFRS,False,False,,best_value,https://www.magnit.com/en/shareholders-and-investors/results-and-reports/,96.0
MGNT,Magnit,2024,2024,current_2024,total_debt,total_debt,RUB,411918003000.0,32475000000.0,411918003000.0,Conflict,True,True,,best_value,https://www.magnit.com/en/shareholders-and-investors/results-and-reports/,96.0
MGNT,Magnit,2024,2024,current_2024,cash_and_equivalents,cash_and_equivalents,RUB,159470281000.0,159470281000.0,159470281000.0,Official IFRS,False,False,,best_value,https://www.magnit.com/en/shareholders-and-investors/results-and-reports/,96.0
MGNT,Magnit,2024,2024,current_2024,operating_cash_flow,operating_cash_flow,RUB,194734040000.0,194700000000.0,194734040000.0,Official IFRS,False,False,,best_value,https://www.magnit.com/en/shareholders-and-investors/results-and-reports/,96.0
MGNT,Magnit,2024,2024,current_2024,capex,capex,RUB,-157403830000.0,157400000000.0,-157403830000.0,Conflict,True,True,,best_value,https://www.magnit.com/en/shareholders-and-investors/results-and-reports/,96.0
MGNT,Magnit,2024,2024,current_2024,free_cash_flow,free_cash_flow,RUB,37330210000.0,37300000000.0,37330210000.0,Official IFRS,False,False,,best_value,https://www.magnit.com/en/shareholders-and-investors/results-and-reports/,96.0
MGNT,Magnit,2024,2024,current_2024,dividends_paid,dividends_paid,RUB,53009992000.0,nan,53009992000.0,Official IFRS,False,False,,best_value,https://www.magnit.com/en/shareholders-and-investors/results-and-reports/,96.0
ALRS,ALROSA,2025,2025,newer_than_target,revenue,revenue,RUB,235089000000.0,235100000000.0,235089000000.0,Official IFRS,False,False,,best_value,https://www.alrosa.ru/en/investors/reporting/financial-reports/,96.0
ALRS,ALROSA,2025,2025,newer_than_target,net_income,net_income,RUB,36239000000.0,36200000000.0,36239000000.0,Official IFRS,False,False,,best_value,https://www.alrosa.ru/en/investors/reporting/financial-reports/,96.0
ALRS,ALROSA,2025,2025,newer_than_target,total_assets,total_assets,RUB,607411000000.0,699500000000.0,607411000000.0,Conflict,True,True,,best_value,https://www.alrosa.ru/en/investors/reporting/financial-reports/,96.0
ALRS,ALROSA,2025,2025,newer_than_target,total_equity,total_equity,RUB,406714000000.0,305100000000.0,406714000000.0,Conflict,True,True,,best_value,https://www.alrosa.ru/en/investors/reporting/financial-reports/,96.0
ALRS,ALROSA,2025,2025,newer_than_target,total_debt,total_debt,RUB,200697000000.0,200700000000.0,200697000000.0,Official IFRS,False,False,,best_value,https://www.alrosa.ru/en/investors/reporting/financial-reports/,96.0
ALRS,ALROSA,2025,2025,newer_than_target,cash_and_equivalents,cash_and_equivalents,RUB,38787000000.0,112300000000.0,38787000000.0,Conflict,True,True,,best_value,https://www.alrosa.ru/en/investors/reporting/financial-reports/,96.0
ALRS,ALROSA,2025,2025,newer_than_target,operating_cash_flow,operating_cash_flow,RUB,35802000000.0,35800000000.0,35802000000.0,Official IFRS,False,False,,best_value,https://www.alrosa.ru/en/investors/reporting/financial-reports/,96.0
ALRS,ALROSA,2025,2025,newer_than_target,capex,capex,RUB,-49419000000.0,49400000000.0,-49419000000.0,Conflict,True,True,,best_value,https://www.alrosa.ru/en/investors/reporting/financial-reports/,96.0
ALRS,ALROSA,2025,2025,newer_than_target,free_cash_flow,free_cash_flow,RUB,-13617000000.0,-30100000000.0,-13617000000.0,Conflict,True,True,,best_value,https://www.alrosa.ru/en/investors/reporting/financial-reports/,96.0
ALRS,ALROSA,2025,2025,newer_than_target,dividends_paid,dividends_paid,RUB,12000000.0,nan,12000000.0,Official IFRS,False,False,,best_value,https://www.alrosa.ru/en/investors/reporting/financial-reports/,96.0
GMKN,Nornickel,2021,2021,stale,revenue,revenue,USD,17852000000.0,nan,17852000000.0,Official IFRS,False,False,,best_value,https://nornickel.com/investors/disclosure/financials/,96.0
GMKN,Nornickel,2021,2021,stale,net_income,net_income,USD,6974000000.0,nan,6974000000.0,Official IFRS,False,False,,best_value,https://nornickel.com/investors/disclosure/financials/,96.0
GMKN,Nornickel,2021,2021,stale,total_assets,total_assets,USD,23435000000.0,nan,23435000000.0,Official IFRS,False,False,,best_value,https://nornickel.com/investors/disclosure/financials/,96.0
GMKN,Nornickel,2021,2021,stale,total_equity,total_equity,USD,4788000000.0,nan,4788000000.0,Official IFRS,False,False,,best_value,https://nornickel.com/investors/disclosure/financials/,96.0
GMKN,Nornickel,2021,2021,stale,total_debt,total_debt,USD,10226000000.0,nan,10226000000.0,Official IFRS,False,False,,best_value,https://nornickel.com/investors/disclosure/financials/,96.0
GMKN,Nornickel,2021,2021,stale,cash_and_equivalents,cash_and_equivalents,USD,5547000000.0,nan,5547000000.0,Official IFRS,False,False,,best_value,https://nornickel.com/investors/disclosure/financials/,96.0
GMKN,Nornickel,2021,2021,stale,operating_cash_flow,operating_cash_flow,USD,7042000000.0,nan,7042000000.0,Official IFRS,False,False,,best_value,https://nornickel.com/investors/disclosure/financials/,96.0
GMKN,Nornickel,2021,2021,stale,capex,capex,USD,-2683000000.0,nan,-2683000000.0,Official IFRS,False,False,,best_value,https://nornickel.com/investors/disclosure/financials/,96.0
GMKN,Nornickel,2021,2021,stale,free_cash_flow,free_cash_flow,USD,4359000000.0,nan,4359000000.0,Official IFRS,False,False,,best_value,https://nornickel.com/investors/disclosure/financials/,96.0
GMKN,Nornickel,2021,2021,stale,dividends_paid,dividends_paid,USD,2198000000.0,nan,2198000000.0,Official IFRS,False,False,,best_value,https://nornickel.com/investors/disclosure/financials/,96.0
NLMK,NLMK,2021,2021,stale,revenue,revenue,USD,16196000000.0,nan,16196000000.0,Official IFRS,False,False,,best_value,https://nlmk.com/en/ir/results/,96.0
NLMK,NLMK,2021,2021,stale,net_income,net_income,USD,5054000000.0,nan,5054000000.0,Official IFRS,False,False,,best_value,https://nlmk.com/en/ir/results/,96.0
NLMK,NLMK,2021,2021,stale,total_assets,total_assets,USD,12161000000.0,nan,12161000000.0,Official IFRS,False,False,,best_value,https://nlmk.com/en/ir/results/,96.0
NLMK,NLMK,2021,2021,stale,total_equity,total_equity,USD,6442000000.0,nan,6442000000.0,Official IFRS,False,False,,best_value,https://nlmk.com/en/ir/results/,96.0
NLMK,NLMK,2021,2021,stale,total_debt,total_debt,USD,3466000000.0,nan,3466000000.0,Official IFRS,False,False,,best_value,https://nlmk.com/en/ir/results/,96.0
NLMK,NLMK,2021,2021,stale,cash_and_equivalents,cash_and_equivalents,USD,541000000.0,nan,541000000.0,Official IFRS,False,False,,best_value,https://nlmk.com/en/ir/results/,96.0
NLMK,NLMK,2021,2021,stale,operating_cash_flow,operating_cash_flow,USD,4516000000.0,nan,4516000000.0,Official IFRS,False,False,,best_value,https://nlmk.com/en/ir/results/,96.0
NLMK,NLMK,2021,2021,stale,capex,capex,USD,-1217000000.0,nan,-1217000000.0,Official IFRS,False,False,,best_value,https://nlmk.com/en/ir/results/,96.0
NLMK,NLMK,2021,2021,stale,free_cash_flow,free_cash_flow,USD,3299000000.0,nan,3299000000.0,Official IFRS,False,False,,best_value,https://nlmk.com/en/ir/results/,96.0
NLMK,NLMK,2021,2021,stale,dividends_paid,dividends_paid,USD,3523000000.0,nan,3523000000.0,Official IFRS,False,False,,best_value,https://nlmk.com/en/ir/results/,96.0
NVTK,NOVATEK,2021,2021,stale,revenue,revenue,RUB,1156724000000.0,1156724000000.0,1156724000000.0,Official IFRS,False,False,,best_value,https://www.novatek.ru/en/investors/results/,96.0
NVTK,NOVATEK,2021,2021,stale,net_income,net_income,RUB,451621000000.0,451621000000.0,451621000000.0,Official IFRS,False,False,,best_value,https://www.novatek.ru/en/investors/results/,96.0
NVTK,NOVATEK,2021,2021,stale,total_assets,total_assets,RUB,2457664000000.0,2457664000000.0,2457664000000.0,Official IFRS,False,False,,best_value,https://www.novatek.ru/en/investors/results/,96.0
NVTK,NOVATEK,2021,2021,stale,total_equity,total_equity,RUB,1911469000000.0,1911469000000.0,1911469000000.0,Official IFRS,False,False,,best_value,https://www.novatek.ru/en/investors/results/,96.0
NVTK,NOVATEK,2021,2021,stale,total_debt,total_debt,RUB,180043000000.0,180000000000.0,180043000000.0,Official IFRS,False,False,,best_value,https://www.novatek.ru/en/investors/results/,96.0
NVTK,NOVATEK,2021,2021,stale,cash_and_equivalents,cash_and_equivalents,RUB,45920000000.0,45920000000.0,45920000000.0,Official IFRS,False,False,,best_value,https://www.novatek.ru/en/investors/results/,96.0
NVTK,NOVATEK,2021,2021,stale,operating_cash_flow,operating_cash_flow,RUB,419466000000.0,419466000000.0,419466000000.0,Official IFRS,False,False,,best_value,https://www.novatek.ru/en/investors/results/,96.0
NVTK,NOVATEK,2021,2021,stale,capex,capex,RUB,-171620000000.0,171620000000.0,-171620000000.0,Conflict,True,True,,best_value,https://www.novatek.ru/en/investors/results/,96.0
NVTK,NOVATEK,2021,2021,stale,free_cash_flow,free_cash_flow,RUB,247846000000.0,247846000000.0,247846000000.0,Official IFRS,False,False,,best_value,https://www.novatek.ru/en/investors/results/,96.0
NVTK,NOVATEK,2021,2021,stale,dividends_paid,dividends_paid,RUB,154332000000.0,nan,154332000000.0,Official IFRS,False,False,,best_value,https://www.novatek.ru/en/investors/results/,96.0
ROSN,Rosneft,2021,2021,stale,revenue,revenue,RUB,8761000000000.0,8761000000000.0,8761000000000.0,Official IFRS,False,False,,best_value,https://www.rosneft.com/Investors/Reports_and_presentations/Consolidated_financial_statements/,96.0
ROSN,Rosneft,2021,2021,stale,net_income,net_income,RUB,1012000000000.0,1012000000000.0,1012000000000.0,Official IFRS,False,False,,best_value,https://www.rosneft.com/Investors/Reports_and_presentations/Consolidated_financial_statements/,96.0
ROSN,Rosneft,2021,2021,stale,total_assets,total_assets,RUB,1502289000000000.0,16457000000000.0,1502289000000000.0,Conflict,True,True,,best_value,https://www.rosneft.com/Investors/Reports_and_presentations/Consolidated_financial_statements/,96.0
ROSN,Rosneft,2021,2021,stale,total_equity,total_equity,RUB,6489000000000.0,6489000000000.0,6489000000000.0,Official IFRS,False,False,,best_value,https://www.rosneft.com/Investors/Reports_and_presentations/Consolidated_financial_statements/,96.0
ROSN,Rosneft,2021,2021,stale,total_debt,total_debt,RUB,4705000000000.0,596400000000.0,4705000000000.0,Conflict,True,True,,best_value,https://www.rosneft.com/Investors/Reports_and_presentations/Consolidated_financial_statements/,96.0
ROSN,Rosneft,2021,2021,stale,cash_and_equivalents,cash_and_equivalents,RUB,659000000000.0,659000000000.0,659000000000.0,Official IFRS,False,False,,best_value,https://www.rosneft.com/Investors/Reports_and_presentations/Consolidated_financial_statements/,96.0
ROSN,Rosneft,2021,2021,stale,operating_cash_flow,operating_cash_flow,RUB,1166000000000.0,1166000000000.0,1166000000000.0,Official IFRS,False,False,,best_value,https://www.rosneft.com/Investors/Reports_and_presentations/Consolidated_financial_statements/,96.0
ROSN,Rosneft,2021,2021,stale,capex,capex,RUB,-1049000000000.0,1049000000000.0,-1049000000000.0,Conflict,True,True,,best_value,https://www.rosneft.com/Investors/Reports_and_presentations/Consolidated_financial_statements/,96.0
ROSN,Rosneft,2021,2021,stale,free_cash_flow,free_cash_flow,RUB,117000000000.0,117000000000.0,117000000000.0,Official IFRS,False,False,,best_value,https://www.rosneft.com/Investors/Reports_and_presentations/Consolidated_financial_statements/,96.0
ROSN,Rosneft,2021,2021,stale,dividends_paid,dividends_paid,RUB,278000000000.0,nan,278000000000.0,Official IFRS,False,False,,best_value,https://www.rosneft.com/Investors/Reports_and_presentations/Consolidated_financial_statements/,96.0
FEES,Rosseti,2023,2023,stale,revenue,revenue,RUB,1378679000000.0,1378679000000.0,1378679000000.0,Official IFRS,False,False,,best_value,https://e-disclosure.ru/portal/FileLoad.ashx?Fileid=1828391,96.0
FEES,Rosseti,2023,2023,stale,net_income,net_income,RUB,161321000000.0,161321000000.0,161321000000.0,Official IFRS,False,False,,best_value,https://e-disclosure.ru/portal/FileLoad.ashx?Fileid=1828391,96.0
FEES,Rosseti,2023,2023,stale,total_assets,total_assets,RUB,3290802000000.0,3290802000000.0,3290802000000.0,Official IFRS,False,False,,best_value,https://e-disclosure.ru/portal/FileLoad.ashx?Fileid=1828391,96.0
FEES,Rosseti,2023,2023,stale,total_equity,total_equity,RUB,1851916000000.0,1851916000000.0,1851916000000.0,Official IFRS,False,False,,best_value,https://e-disclosure.ru/portal/FileLoad.ashx?Fileid=1828391,96.0
FEES,Rosseti,2023,2023,stale,total_debt,total_debt,RUB,646549000000.0,646600000000.0,646549000000.0,Official IFRS,False,False,,best_value,https://e-disclosure.ru/portal/FileLoad.ashx?Fileid=1828391,96.0
FEES,Rosseti,2023,2023,stale,cash_and_equivalents,cash_and_equivalents,RUB,166115000000.0,166115000000.0,166115000000.0,Official IFRS,False,False,,best_value,https://e-disclosure.ru/portal/FileLoad.ashx?Fileid=1828391,96.0
FEES,Rosseti,2023,2023,stale,operating_cash_flow,operating_cash_flow,RUB,472620000000.0,472600000000.0,472620000000.0,Official IFRS,False,False,,best_value,https://e-disclosure.ru/portal/FileLoad.ashx?Fileid=1828391,96.0
FEES,Rosseti,2023,2023,stale,capex,capex,RUB,-468698000000.0,468700000000.0,-468698000000.0,Conflict,True,True,,best_value,https://e-disclosure.ru/portal/FileLoad.ashx?Fileid=1828391,96.0
FEES,Rosseti,2023,2023,stale,free_cash_flow,free_cash_flow,RUB,3922000000.0,3900000000.0,3922000000.0,Official IFRS,False,False,,best_value,https://e-disclosure.ru/portal/FileLoad.ashx?Fileid=1828391,96.0
FEES,Rosseti,2023,2023,stale,dividends_paid,dividends_paid,RUB,8590000000.0,nan,8590000000.0,Official IFRS,False,False,,best_value,https://e-disclosure.ru/portal/FileLoad.ashx?Fileid=1828391,96.0
AFLT,Aeroflot,2021,2021,stale,revenue,revenue,RUB,491733000000.0,491733000000.0,491733000000.0,Official IFRS,False,False,,best_value,https://ir.aeroflot.ru/en/financial-information/financial-results/,96.0
AFLT,Aeroflot,2021,2021,stale,net_income,net_income,RUB,-34460000000.0,-34460000000.0,-34460000000.0,Official IFRS,False,False,,best_value,https://ir.aeroflot.ru/en/financial-information/financial-results/,96.0
AFLT,Aeroflot,2021,2021,stale,total_assets,total_assets,RUB,1109450000000.0,1109450000000.0,1109450000000.0,Official IFRS,False,False,,best_value,https://ir.aeroflot.ru/en/financial-information/financial-results/,96.0
AFLT,Aeroflot,2021,2021,stale,total_equity,total_equity,RUB,-146438000000.0,-146438000000.0,-146438000000.0,Official IFRS,False,False,,best_value,https://ir.aeroflot.ru/en/financial-information/financial-results/,96.0
AFLT,Aeroflot,2021,2021,stale,total_debt,total_debt,RUB,798284000000.0,798300000000.0,798284000000.0,Official IFRS,False,False,,best_value,https://ir.aeroflot.ru/en/financial-information/financial-results/,96.0
AFLT,Aeroflot,2021,2021,stale,cash_and_equivalents,cash_and_equivalents,RUB,74180000000.0,74180000000.0,74180000000.0,Official IFRS,False,False,,best_value,https://ir.aeroflot.ru/en/financial-information/financial-results/,96.0
AFLT,Aeroflot,2021,2021,stale,operating_cash_flow,operating_cash_flow,RUB,94846000000.0,94800000000.0,94846000000.0,Official IFRS,False,False,,best_value,https://ir.aeroflot.ru/en/financial-information/financial-results/,96.0
AFLT,Aeroflot,2021,2021,stale,capex,capex,RUB,-17319000000.0,17300000000.0,-17319000000.0,Conflict,True,True,,best_value,https://ir.aeroflot.ru/en/financial-information/financial-results/,96.0
AFLT,Aeroflot,2021,2021,stale,free_cash_flow,free_cash_flow,RUB,77527000000.0,77500000000.0,77527000000.0,Official IFRS,False,False,,best_value,https://ir.aeroflot.ru/en/financial-information/financial-results/,96.0
AFLT,Aeroflot,2021,2021,stale,dividends_paid,dividends_paid,RUB,14000000.0,nan,14000000.0,Official IFRS,False,False,,best_value,https://ir.aeroflot.ru/en/financial-information/financial-results/,96.0
MTSS,MTS,2024,2024,current_2024,revenue,revenue,RUB,703741000000.0,703741000000.0,703741000000.0,Official IFRS,False,False,,best_value,https://storage.ir.mts.ru/mts-ir/images/documents/MTS__SummaryFinancials_4Q2024.xlsx,96.0
MTSS,MTS,2024,2024,current_2024,net_income,net_income,RUB,51299000000.0,51300000000.0,51299000000.0,Official IFRS,False,False,,best_value,https://storage.ir.mts.ru/mts-ir/images/documents/MTS__SummaryFinancials_4Q2024.xlsx,96.0
MTSS,MTS,2024,2024,current_2024,total_assets,total_assets,RUB,1516963000000.0,1516963000000.0,1516963000000.0,Official IFRS,False,False,,best_value,https://storage.ir.mts.ru/mts-ir/images/documents/MTS__SummaryFinancials_4Q2024.xlsx,96.0
MTSS,MTS,2024,2024,current_2024,total_equity,total_equity,RUB,-11234000000.0,-11234000000.0,-11234000000.0,Official IFRS,False,False,,best_value,https://storage.ir.mts.ru/mts-ir/images/documents/MTS__SummaryFinancials_4Q2024.xlsx,96.0
MTSS,MTS,2024,2024,current_2024,total_debt,total_debt,RUB,672602000000.0,672000000000.0,672602000000.0,Official IFRS,False,False,,best_value,https://storage.ir.mts.ru/mts-ir/images/documents/MTS__SummaryFinancials_4Q2024.xlsx,96.0
MTSS,MTS,2024,2024,current_2024,cash_and_equivalents,cash_and_equivalents,RUB,109776000000.0,189357000000.0,109776000000.0,Conflict,True,True,,best_value,https://storage.ir.mts.ru/mts-ir/images/documents/MTS__SummaryFinancials_4Q2024.xlsx,96.0
MTSS,MTS,2024,2024,current_2024,operating_cash_flow,operating_cash_flow,RUB,158958000000.0,159000000000.0,158958000000.0,Official IFRS,False,False,,best_value,https://storage.ir.mts.ru/mts-ir/images/documents/MTS__SummaryFinancials_4Q2024.xlsx,96.0
MTSS,MTS,2024,2024,current_2024,capex,capex,RUB,-132462000000.0,132400000000.0,-132462000000.0,Conflict,True,True,,best_value,https://storage.ir.mts.ru/mts-ir/images/documents/MTS__SummaryFinancials_4Q2024.xlsx,96.0
MTSS,MTS,2024,2024,current_2024,free_cash_flow,free_cash_flow,RUB,26496000000.0,26600000000.0,26496000000.0,Official IFRS,False,False,,best_value,https://storage.ir.mts.ru/mts-ir/images/documents/MTS__SummaryFinancials_4Q2024.xlsx,96.0
MTSS,MTS,2024,2024,current_2024,dividends_paid,dividends_paid,RUB,47318000000.0,nan,47318000000.0,Official IFRS,False,False,,best_value,https://storage.ir.mts.ru/mts-ir/images/documents/MTS__SummaryFinancials_4Q2024.xlsx,96.0
CHMF,Severstal,2016,2016,stale,revenue,revenue,USD,5916000000.0,nan,5916000000.0,Official IFRS,False,False,,best_value,https://severstal.com/upload/iblock/e1d/Financial_and_Operating_data_SVST_4Q_21.xlsx,96.0
CHMF,Severstal,2016,2016,stale,net_income,net_income,USD,1620000000.0,nan,1620000000.0,Official IFRS,False,False,,best_value,https://severstal.com/upload/iblock/e1d/Financial_and_Operating_data_SVST_4Q_21.xlsx,96.0
CHMF,Severstal,2016,2016,stale,total_assets,total_assets,USD,6483000000.0,nan,6483000000.0,Official IFRS,False,False,,best_value,https://severstal.com/upload/iblock/e1d/Financial_and_Operating_data_SVST_4Q_21.xlsx,96.0
CHMF,Severstal,2016,2016,stale,total_equity,total_equity,USD,3041000000.0,nan,3041000000.0,Official IFRS,False,False,,best_value,https://severstal.com/upload/iblock/e1d/Financial_and_Operating_data_SVST_4Q_21.xlsx,96.0
CHMF,Severstal,2016,2016,stale,total_debt,total_debt,USD,2013000000.0,nan,2013000000.0,Official IFRS,False,False,,best_value,https://severstal.com/upload/iblock/e1d/Financial_and_Operating_data_SVST_4Q_21.xlsx,96.0
CHMF,Severstal,2016,2016,stale,cash_and_equivalents,cash_and_equivalents,USD,1154000000.0,nan,1154000000.0,Official IFRS,False,False,,best_value,https://severstal.com/upload/iblock/e1d/Financial_and_Operating_data_SVST_4Q_21.xlsx,96.0
CHMF,Severstal,2016,2016,stale,operating_cash_flow,operating_cash_flow,USD,1477000000.0,nan,1477000000.0,Official IFRS,False,False,,best_value,https://severstal.com/upload/iblock/e1d/Financial_and_Operating_data_SVST_4Q_21.xlsx,96.0
CHMF,Severstal,2016,2016,stale,capex,capex,USD,-494000000.0,nan,-494000000.0,Official IFRS,False,False,,best_value,https://severstal.com/upload/iblock/e1d/Financial_and_Operating_data_SVST_4Q_21.xlsx,96.0
CHMF,Severstal,2016,2016,stale,free_cash_flow,free_cash_flow,USD,1020000000.0,nan,1020000000.0,Official IFRS,False,False,,best_value,https://severstal.com/upload/iblock/e1d/Financial_and_Operating_data_SVST_4Q_21.xlsx,96.0
CHMF,Severstal,2016,2016,stale,dividends_paid,dividends_paid,USD,921000000.0,nan,921000000.0,Official IFRS,False,False,,best_value,https://severstal.com/upload/iblock/e1d/Financial_and_Operating_data_SVST_4Q_21.xlsx,96.0
CHMF,Severstal,2017,2017,stale,revenue,revenue,USD,7848000000.0,nan,7848000000.0,Official IFRS,False,False,,best_value,https://severstal.com/upload/iblock/e1d/Financial_and_Operating_data_SVST_4Q_21.xlsx,96.0
CHMF,Severstal,2017,2017,stale,net_income,net_income,USD,1355000000.0,nan,1355000000.0,Official IFRS,False,False,,best_value,https://severstal.com/upload/iblock/e1d/Financial_and_Operating_data_SVST_4Q_21.xlsx,96.0
CHMF,Severstal,2017,2017,stale,total_assets,total_assets,USD,7209000000.0,nan,7209000000.0,Official IFRS,False,False,,best_value,https://severstal.com/upload/iblock/e1d/Financial_and_Operating_data_SVST_4Q_21.xlsx,96.0
CHMF,Severstal,2017,2017,stale,total_equity,total_equity,USD,3398000000.0,nan,3398000000.0,Official IFRS,False,False,,best_value,https://severstal.com/upload/iblock/e1d/Financial_and_Operating_data_SVST_4Q_21.xlsx,96.0
CHMF,Severstal,2017,2017,stale,total_debt,total_debt,USD,2093000000.0,nan,2093000000.0,Official IFRS,False,False,,best_value,https://severstal.com/upload/iblock/e1d/Financial_and_Operating_data_SVST_4Q_21.xlsx,96.0
CHMF,Severstal,2017,2017,stale,cash_and_equivalents,cash_and_equivalents,USD,1031000000.0,nan,1031000000.0,Official IFRS,False,False,,best_value,https://severstal.com/upload/iblock/e1d/Financial_and_Operating_data_SVST_4Q_21.xlsx,96.0
CHMF,Severstal,2017,2017,stale,operating_cash_flow,operating_cash_flow,USD,1914000000.0,nan,1914000000.0,Official IFRS,False,False,,best_value,https://severstal.com/upload/iblock/e1d/Financial_and_Operating_data_SVST_4Q_21.xlsx,96.0
CHMF,Severstal,2017,2017,stale,capex,capex,USD,-560000000.0,nan,-560000000.0,Official IFRS,False,False,,best_value,https://severstal.com/upload/iblock/e1d/Financial_and_Operating_data_SVST_4Q_21.xlsx,96.0
CHMF,Severstal,2017,2017,stale,free_cash_flow,free_cash_flow,USD,1393000000.0,nan,1393000000.0,Official IFRS,False,False,,best_value,https://severstal.com/upload/iblock/e1d/Financial_and_Operating_data_SVST_4Q_21.xlsx,96.0
CHMF,Severstal,2017,2017,stale,dividends_paid,dividends_paid,USD,1530000000.0,nan,1530000000.0,Official IFRS,False,False,,best_value,https://severstal.com/upload/iblock/e1d/Financial_and_Operating_data_SVST_4Q_21.xlsx,96.0
CHMF,Severstal,2018,2018,stale,revenue,revenue,USD,8580000000.0,nan,8580000000.0,Official IFRS,False,False,,best_value,https://severstal.com/upload/iblock/e1d/Financial_and_Operating_data_SVST_4Q_21.xlsx,96.0
CHMF,Severstal,2018,2018,stale,net_income,net_income,USD,2051000000.0,nan,2051000000.0,Official IFRS,False,False,,best_value,https://severstal.com/upload/iblock/e1d/Financial_and_Operating_data_SVST_4Q_21.xlsx,96.0
CHMF,Severstal,2018,2018,stale,total_assets,total_assets,USD,5874000000.0,nan,5874000000.0,Official IFRS,False,False,,best_value,https://severstal.com/upload/iblock/e1d/Financial_and_Operating_data_SVST_4Q_21.xlsx,96.0
CHMF,Severstal,2018,2018,stale,total_equity,total_equity,USD,2879000000.0,nan,2879000000.0,Official IFRS,False,False,,best_value,https://severstal.com/upload/iblock/e1d/Financial_and_Operating_data_SVST_4Q_21.xlsx,96.0
CHMF,Severstal,2018,2018,stale,total_debt,total_debt,USD,1455000000.0,nan,1455000000.0,Official IFRS,False,False,,best_value,https://severstal.com/upload/iblock/e1d/Financial_and_Operating_data_SVST_4Q_21.xlsx,96.0
CHMF,Severstal,2018,2018,stale,cash_and_equivalents,cash_and_equivalents,USD,228000000.0,nan,228000000.0,Official IFRS,False,False,,best_value,https://severstal.com/upload/iblock/e1d/Financial_and_Operating_data_SVST_4Q_21.xlsx,96.0
CHMF,Severstal,2018,2018,stale,operating_cash_flow,operating_cash_flow,USD,2254000000.0,nan,2254000000.0,Official IFRS,False,False,,best_value,https://severstal.com/upload/iblock/e1d/Financial_and_Operating_data_SVST_4Q_21.xlsx,96.0
CHMF,Severstal,2018,2018,stale,capex,capex,USD,-653000000.0,nan,-653000000.0,Official IFRS,False,False,,best_value,https://severstal.com/upload/iblock/e1d/Financial_and_Operating_data_SVST_4Q_21.xlsx,96.0
CHMF,Severstal,2018,2018,stale,free_cash_flow,free_cash_flow,USD,1601000000.0,nan,1601000000.0,Official IFRS,False,False,,best_value,https://severstal.com/upload/iblock/e1d/Financial_and_Operating_data_SVST_4Q_21.xlsx,96.0
CHMF,Severstal,2018,2018,stale,dividends_paid,dividends_paid,USD,1971000000.0,nan,1971000000.0,Official IFRS,False,False,,best_value,https://severstal.com/upload/iblock/e1d/Financial_and_Operating_data_SVST_4Q_21.xlsx,96.0
CHMF,Severstal,2019,2019,stale,revenue,revenue,USD,8157000000.0,nan,8157000000.0,Official IFRS,False,False,,best_value,https://severstal.com/upload/iblock/e1d/Financial_and_Operating_data_SVST_4Q_21.xlsx,96.0
CHMF,Severstal,2019,2019,stale,net_income,net_income,USD,1767000000.0,nan,1767000000.0,Official IFRS,False,False,,best_value,https://severstal.com/upload/iblock/e1d/Financial_and_Operating_data_SVST_4Q_21.xlsx,96.0
CHMF,Severstal,2019,2019,stale,total_assets,total_assets,USD,8222000000.0,nan,8222000000.0,Official IFRS,False,False,,best_value,https://severstal.com/upload/iblock/e1d/Financial_and_Operating_data_SVST_4Q_21.xlsx,96.0
CHMF,Severstal,2019,2019,stale,total_equity,total_equity,USD,3478000000.0,nan,3478000000.0,Official IFRS,False,False,,best_value,https://severstal.com/upload/iblock/e1d/Financial_and_Operating_data_SVST_4Q_21.xlsx,96.0
CHMF,Severstal,2019,2019,stale,total_debt,total_debt,USD,2651000000.0,nan,2651000000.0,Official IFRS,False,False,,best_value,https://severstal.com/upload/iblock/e1d/Financial_and_Operating_data_SVST_4Q_21.xlsx,96.0
CHMF,Severstal,2019,2019,stale,cash_and_equivalents,cash_and_equivalents,USD,1081000000.0,nan,1081000000.0,Official IFRS,False,False,,best_value,https://severstal.com/upload/iblock/e1d/Financial_and_Operating_data_SVST_4Q_21.xlsx,96.0
CHMF,Severstal,2019,2019,stale,operating_cash_flow,operating_cash_flow,USD,2292000000.0,nan,2292000000.0,Official IFRS,False,False,,best_value,https://severstal.com/upload/iblock/e1d/Financial_and_Operating_data_SVST_4Q_21.xlsx,96.0
CHMF,Severstal,2019,2019,stale,capex,capex,USD,-1157000000.0,nan,-1157000000.0,Official IFRS,False,False,,best_value,https://severstal.com/upload/iblock/e1d/Financial_and_Operating_data_SVST_4Q_21.xlsx,96.0
CHMF,Severstal,2019,2019,stale,free_cash_flow,free_cash_flow,USD,1099000000.0,nan,1099000000.0,Official IFRS,False,False,,best_value,https://severstal.com/upload/iblock/e1d/Financial_and_Operating_data_SVST_4Q_21.xlsx,96.0
CHMF,Severstal,2019,2019,stale,dividends_paid,dividends_paid,USD,1574000000.0,nan,1574000000.0,Official IFRS,False,False,,best_value,https://severstal.com/upload/iblock/e1d/Financial_and_Operating_data_SVST_4Q_21.xlsx,96.0
CHMF,Severstal,2020,2020,stale,revenue,revenue,USD,6870000000.0,nan,6870000000.0,Official IFRS,False,False,,best_value,https://severstal.com/upload/iblock/e1d/Financial_and_Operating_data_SVST_4Q_21.xlsx,96.0
CHMF,Severstal,2020,2020,stale,net_income,net_income,USD,1016000000.0,nan,1016000000.0,Official IFRS,False,False,,best_value,https://severstal.com/upload/iblock/e1d/Financial_and_Operating_data_SVST_4Q_21.xlsx,96.0
CHMF,Severstal,2020,2020,stale,total_assets,total_assets,USD,7396000000.0,nan,7396000000.0,Official IFRS,False,False,,best_value,https://severstal.com/upload/iblock/e1d/Financial_and_Operating_data_SVST_4Q_21.xlsx,96.0
CHMF,Severstal,2020,2020,stale,total_equity,total_equity,USD,2744000000.0,nan,2744000000.0,Official IFRS,False,False,,best_value,https://severstal.com/upload/iblock/e1d/Financial_and_Operating_data_SVST_4Q_21.xlsx,96.0
CHMF,Severstal,2020,2020,stale,total_debt,total_debt,USD,2612000000.0,nan,2612000000.0,Official IFRS,False,False,,best_value,https://severstal.com/upload/iblock/e1d/Financial_and_Operating_data_SVST_4Q_21.xlsx,96.0
CHMF,Severstal,2020,2020,stale,cash_and_equivalents,cash_and_equivalents,USD,583000000.0,nan,583000000.0,Official IFRS,False,False,,best_value,https://severstal.com/upload/iblock/e1d/Financial_and_Operating_data_SVST_4Q_21.xlsx,96.0
CHMF,Severstal,2020,2020,stale,operating_cash_flow,operating_cash_flow,USD,2144000000.0,nan,2144000000.0,Official IFRS,False,False,,best_value,https://severstal.com/upload/iblock/e1d/Financial_and_Operating_data_SVST_4Q_21.xlsx,96.0
CHMF,Severstal,2020,2020,stale,capex,capex,USD,-1256000000.0,nan,-1256000000.0,Official IFRS,False,False,,best_value,https://severstal.com/upload/iblock/e1d/Financial_and_Operating_data_SVST_4Q_21.xlsx,96.0
CHMF,Severstal,2020,2020,stale,free_cash_flow,free_cash_flow,USD,838000000.0,nan,838000000.0,Official IFRS,False,False,,best_value,https://severstal.com/upload/iblock/e1d/Financial_and_Operating_data_SVST_4Q_21.xlsx,96.0
CHMF,Severstal,2020,2020,stale,dividends_paid,dividends_paid,USD,1228000000.0,nan,1228000000.0,Official IFRS,False,False,,best_value,https://severstal.com/upload/iblock/e1d/Financial_and_Operating_data_SVST_4Q_21.xlsx,96.0
