ticker,sector,p_ens,dps_ens,dps_lo_conf,dps_hi_conf,stability,div_streak,current_dps,current_paid
ABIO,Здравоохранение,0.1624,4.4294,0.0,230.8866,0.0974,0,,0
ABRD,Потребительский сектор,0.7777,4.9204,0.0,231.3777,0.7743,10,5.01,1
AFKS,Конгломерат,0.156,0.7908,0.0,227.2481,0.0936,0,,0
AFLT,Транспорт,0.7642,3.3986,0.0,229.8558,0.5201,2,5.27,1
AKRN,Химия,0.7908,442.8133,407.2138,669.2706,0.8437,12,107.0,1
ALRS,Металлы и добыча,0.3697,2.5913,0.0,229.0486,0.2218,0,,0
AMEZ,Металлы и добыча,0.1624,34.2724,0.0,260.7297,0.0974,0,,0
APRI,Недвижимость,0.7014,0.7992,0.0,227.2565,0.4516,1,0.59169517257,1
APTK,Потребительский сектор,0.0994,0.7942,0.0,227.2514,0.0596,0,,0
AQUA,Потребительский сектор,0.8081,9.6622,0.0,236.1195,0.6695,6,10.0,1
ARSA,Финансы,0.7626,0.6155,0.0,227.0727,0.5191,2,0.15,1
ASSB,Энергетика,0.0879,0.2923,0.0,226.7495,0.0528,0,,0
ASTR,IT,0.6518,7.3903,0.0,233.8476,0.4526,2,5.792211637699999,1
AVAN,Финансы (Банки),0.8081,23.1336,0.0,249.5909,0.6695,6,21.07,1
BANE,Нефть и газ,0.8256,90.822,55.2225,317.2793,0.8646,12,147.31,1
BANEP,Нефть и газ,0.8386,50.0848,14.4853,276.542,0.8724,12,147.31,1
BAZA,Недвижимость,0.4669,7.3218,0.0,233.7791,0.2802,0,,0
BELU,Потребительский сектор,0.8517,100.9013,65.3018,327.3586,0.7264,7,25.0,1
BISVP,Телекоммуникации,0.7908,0.6786,0.0,227.1358,0.7206,8,0.974,1
BLNG,Металлы и добыча,0.0879,0.5956,0.0,227.0528,0.0528,0,,0
BRZL,Металлы и добыча,0.1019,113.2444,77.645,339.7017,0.0611,0,,0
BSPB,Финансы (Банки),0.8696,19.6591,0.0,246.1163,0.891,12,29.72,1
BSPBP,Финансы (Банки),0.7905,1.5814,0.0,228.0386,0.6589,6,0.22,1
CARM,Промышленность,0.12,0.2789,0.0,226.7362,0.072,0,,0
CBOM,Финансы (Банки),0.12,0.7541,0.0,227.2113,0.072,0,,0
CHGZ,Нефть и газ,0.0994,4.6303,0.0,231.0876,0.0596,0,,0
CHKZ,Промышленность,0.7777,424.7172,389.1177,651.1744,0.6205,5,720.0,1
CHMF,Металлы и добыча,0.2927,52.6374,17.0379,279.0946,0.1756,0,,0
CNRU,IT,0.1292,14.9575,0.0,241.4147,0.0775,0,,0
CNTL,Телекоммуникации,0.1943,0.6414,0.0,227.0986,0.1166,0,,0
CNTLP,Телекоммуникации,0.7908,0.4048,0.0,226.8621,0.6899,7,0.224,1
DATA,IT,0.6537,5.302,0.0,231.7593,0.4538,2,0.86,1
DELI,Потребительский сектор,0.1452,5.4768,0.0,231.934,0.0871,0,,0
DIAS,IT,0.6899,91.1219,55.5225,317.5792,0.4755,2,178.3,1
DIOD,Промышленность,0.6623,0.6848,0.0,227.1421,0.6435,8,0.84,1
DOMRF,Финансы,0.1624,76.7614,41.162,303.2187,0.0974,0,,0
DVEC,Энергетика,0.6543,0.1794,0.0,226.6367,0.4541,2,0.1666772938,1
DZRD,Промышленность,0.1938,281.8532,246.2538,508.3105,0.1163,0,,0
DZRDP,Промышленность,0.1624,147.1053,111.5059,373.5626,0.0974,0,,0
EELT,Энергетика,0.7908,0.4561,0.0,226.9133,0.6899,7,0.26,1
ELFV,Энергетика,0.1452,0.223,0.0,226.6803,0.0871,0,,0
ELMT,Промышленность,0.7777,0.1448,0.0,226.602,0.559,3,0.0035350430453358,1
ENPG,Энергетика,0.1019,15.9645,0.0,242.4218,0.0611,0,,0
ETLN,Недвижимость,0.1225,1.9681,0.0,228.4253,0.0735,0,,0
EUTR,Транспорт,0.7647,5.8188,0.0,232.2761,0.5512,3,20.67,1
FEES,Энергетика,0.1476,0.1697,0.0,226.627,0.0886,0,,0
FESH,Транспорт,0.1033,2.6166,0.0,229.0738,0.062,0,,0
FIXP,Потребительский сектор,0.1381,6.2044,0.0,232.6616,0.0829,0,,0
FIXR,Потребительский сектор,0.129,0.3022,0.0,226.7594,0.0774,0,,0
FLOT,Транспорт,0.231,5.447,0.0,231.9042,0.1386,0,,0
GAZP,Нефть и газ,0.156,5.4363,0.0,231.8935,0.0936,0,,0
GCHE,Потребительский сектор,0.9145,141.6237,106.0242,368.081,0.9487,13,98.92,1
GEMC,Здравоохранение,0.1381,42.3944,6.7949,268.8516,0.0829,0,,0
GLRX,Недвижимость,0.1225,4.0071,0.0,230.4643,0.0735,0,,0
GMKN,Металлы и добыча,0.4218,9.5516,0.0,236.0088,0.2531,0,,0
GTRK,Транспорт,0.12,5.669,0.0,232.1262,0.072,0,,0
HEAD,IT,0.2613,193.3534,157.7539,419.8106,0.1568,0,,0
HIMCP,Химия,0.1452,1.0718,0.0,227.529,0.0871,0,,0
HNFG,Потребительский сектор,0.7647,14.2749,0.0,240.7321,0.5512,3,20.0,1
HYDR,Энергетика,0.7014,0.1515,0.0,226.6088,0.4516,1,0.075648608,1
IGST,Металлы и добыча,0.1384,299.7576,264.1581,526.2149,0.083,0,,0
IGSTP,Металлы и добыча,0.1421,145.8648,110.2653,372.322,0.0852,0,,0
IRAO,Энергетика,0.908,0.3102,0.0,226.7675,0.8833,11,0.353756516888506,1
IRKT,Промышленность,0.1542,1.0294,0.0,227.4866,0.0925,0,,0
IVAT,IT,0.5467,6.3727,0.0,232.8299,0.3588,1,3.0,1
JNOS,Энергетика,0.0994,0.8094,0.0,227.2667,0.0596,0,,0
JNOSP,Энергетика,0.73,0.3935,0.0,226.8508,0.6226,6,0.01,1
KAZT,Химия,0.7777,15.7052,0.0,242.1624,0.8666,13,2.5,1
KAZTP,Химия,0.7873,14.2994,0.0,240.7566,0.6262,5,2.5,1
KBSB,Энергетика,0.7878,33.3916,0.0,259.8488,0.5958,4,50.36531643,1
KCHE,Энергетика,0.0994,0.1889,0.0,226.6462,0.0596,0,,0
KCHEP,Энергетика,0.1086,0.2931,0.0,226.7504,0.0651,0,,0
KFBA,Недвижимость,0.1708,112.081,76.4815,338.5382,0.1025,0,,0
KGKC,Энергетика,0.7777,2.0744,0.0,228.5317,0.682,7,1.30230024868398,1
KGKCP,Энергетика,0.73,2.8654,0.0,229.3227,0.6534,7,6.28976390233287,1
KLSB,Энергетика,0.0873,1.084,0.0,227.5413,0.0524,0,,0
KLVZ,Потребительский сектор,0.5964,0.3034,0.0,226.7607,0.3886,1,0.05,1
KMAZ,Промышленность,0.1565,2.2495,0.0,228.7067,0.0939,0,,0
KMEZ,Промышленность,0.1225,57.9033,22.3039,284.3606,0.0735,0,,0
KOGK,Металлы и добыча,0.1643,6.0717,0.0,232.529,0.0986,0,,0
KRKN,Нефть и газ,0.1357,667.3113,631.7118,893.7685,0.0814,0,,0
KRKNP,Нефть и газ,0.717,462.8394,427.2399,689.2966,0.5225,3,447.54,1
KRKOP,Промышленность,0.12,0.8999,0.0,227.3571,0.072,0,,0
KROT,Потребительский сектор,0.1542,41.5895,5.99,268.0467,0.0925,0,,0
KROTP,Потребительский сектор,0.1731,16.3246,0.0,242.7818,0.1038,0,,0
KRSB,Энергетика,0.7777,1.659,0.0,228.1163,0.6513,6,2.2545983445,1
KRSBP,Энергетика,0.6612,1.6704,0.0,228.1277,0.489,3,2.2545983445,1
KUZB,Финансы (Банки),0.1706,0.2458,0.0,226.7031,0.1024,0,,0
KZOS,Нефть и газ,0.8386,4.2733,0.0,230.7305,0.8416,11,4.15,1
KZOSP,Нефть и газ,0.7777,0.7467,0.0,227.204,0.6205,5,0.25,1
LEAS,Финансы,0.9081,20.428,0.0,246.8853,0.791,8,29.0,1
LENT,Потребительский сектор,0.1464,107.0198,71.4204,333.4771,0.0878,0,,0
LKOH,Нефть и газ,0.8517,341.2235,305.624,567.6807,0.8802,12,541.0,1
LMBZ,Промышленность,0.7014,11.7867,0.0,238.2439,0.4516,1,3.5,1
LNZL,Металлы и добыча,0.1843,411.2154,375.616,637.6727,0.1106,0,,0
LNZLP,Металлы и добыча,0.7172,21.6735,0.0,248.1307,0.6765,8,9.55,1
LPSB,Энергетика,0.1772,5.4003,0.0,231.8576,0.1063,0,,0
LSNG,Энергетика,0.8881,1.0365,0.0,227.4938,0.8405,10,0.4281,1
LSNGP,Энергетика,0.7908,10.1832,0.0,236.6405,0.6899,7,25.9523,1
LSRG,Недвижимость,0.8517,34.9851,0.0,261.4423,0.911,13,78.0,1
LVHK,Потребительский сектор,0.1624,0.9895,0.0,227.4468,0.0974,0,,0
MAGE,Энергетика,0.0879,0.1951,0.0,226.6523,0.0528,0,,0
MAGEP,Энергетика,0.0873,0.1822,0.0,226.6394,0.0524,0,,0
MAGN,Металлы и добыча,0.2659,1.5578,0.0,228.0151,0.1595,0,,0
MBNK,Финансы (Банки),0.717,111.6674,76.068,338.1247,0.4918,2,89.31,1
MDMG,Здравоохранение,0.7945,78.6796,43.0802,305.1369,0.5383,2,22.0,1
MFGS,Нефть и газ,0.0994,10.8119,0.0,237.2692,0.0596,0,,0
MFGSP,Нефть и газ,0.0994,6.0973,0.0,232.5545,0.0596,0,,0
MGKL,Финансы,0.7642,0.3259,0.0,226.7831,0.5201,2,0.15,1
MGNT,Потребительский сектор,0.6545,141.9778,106.3784,368.4351,0.4542,2,560.0,1
MGTS,Телекоммуникации,0.1476,67.5307,31.9312,293.9879,0.0885,0,,0
MGTSP,Телекоммуникации,0.1452,32.2327,0.0,258.6899,0.0871,0,,0
MISB,Энергетика,0.7777,3.1964,0.0,229.6536,0.5897,4,3.28301887,1
MISBP,Энергетика,0.7401,2.7339,0.0,229.1912,0.5672,4,3.28301887,1
MOEX,Финансы,0.8517,7.4285,0.0,233.8857,0.911,13,26.11,1
MRKC,Энергетика,0.8211,0.231,0.0,226.6882,0.8927,13,0.067638,1
MRKK,Энергетика,0.12,0.7981,0.0,227.2554,0.072,0,,0
MRKP,Энергетика,0.8211,0.2181,0.0,226.6754,0.8927,13,0.050215,1
MRKS,Энергетика,0.1476,0.1406,0.0,226.5979,0.0885,0,,0
MRKU,Энергетика,0.7777,0.2029,0.0,226.6602,0.8051,11,0.03741,1
MRKV,Энергетика,0.717,0.2172,0.0,226.6744,0.4918,2,0.0074,1
MRKY,Энергетика,0.1476,0.2394,0.0,226.6967,0.0885,0,,0
MRKZ,Энергетика,0.1689,0.1409,0.0,226.5982,0.1014,0,,0
MRSB,Энергетика,0.2186,0.4452,0.0,226.9025,0.1311,0,,0
MSRS,Энергетика,0.7777,0.1963,0.0,226.6536,0.8666,13,0.15054,1
MTLR,Металлы и добыча,0.0994,4.2421,0.0,230.6994,0.0596,0,,0
MTLRP,Металлы и добыча,0.1357,3.621,0.0,230.0783,0.0814,0,,0
MTSS,Телекоммуникации,0.8081,8.0859,0.0,234.5431,0.8848,13,35.0,1
MVID,Потребительский сектор,0.1213,3.9635,0.0,230.4208,0.0728,0,,0
NAUK,Промышленность,0.7878,11.3574,0.0,237.8147,0.5958,4,26.76,1
NFAZ,Промышленность,0.0954,3.7748,0.0,230.2321,0.0573,0,,0
NKHP,Транспорт,0.7878,13.9527,0.0,240.41,0.8112,11,8.17,1
NKNC,Химия,0.7647,4.375,0.0,230.8322,0.6435,6,2.93,1
NKNCP,Химия,0.7647,3.0548,0.0,229.5121,0.6127,5,2.93,1
NKSH,Промышленность,0.1086,1.7593,0.0,228.2166,0.0651,0,,0
NLMK,Металлы и добыча,0.2359,6.04,0.0,232.4973,0.1415,0,,0
NMTP,Транспорт,0.8211,0.6666,0.0,227.1238,0.8619,12,0.9573,1
NNSB,Энергетика,0.12,245.3707,209.7712,471.8279,0.072,0,,0
NNSBP,Энергетика,0.0879,83.5836,47.9841,310.0408,0.0528,0,,0
NSVZ,Телекоммуникации,0.1219,7.1248,0.0,233.582,0.0731,0,,0
NVTK,Нефть и газ,0.8531,88.5752,52.9757,315.0325,0.8811,12,46.65,1
OKEY,Потребительский сектор,0.1086,1.5863,0.0,228.0436,0.0651,0,,0
OMZZP,Промышленность,0.7165,133.3795,97.78,359.8367,0.5222,3,0.012,1
OZON,IT,0.1476,141.0711,105.4716,367.5284,0.0886,0,,0
OZPH,Здравоохранение,0.702,2.1956,0.0,228.6528,0.4827,2,0.54,1
PAZA,Промышленность,0.1421,618.3186,582.7191,844.7758,0.0852,0,,0
PHOR,Химия,0.8211,402.2859,366.6864,628.7431,0.8927,13,459.0,1
PIKK,Недвижимость,0.1476,19.5525,0.0,246.0098,0.0885,0,,0
PLZL,Металлы и добыча,0.7165,163.9579,128.3584,390.4152,0.5222,3,73.0,1
PMSB,Энергетика,0.7777,18.7596,0.0,245.2168,0.8666,13,57.0,1
PMSBP,Энергетика,0.7777,16.6322,0.0,243.0894,0.682,7,57.0,1
POSI,IT,0.2079,100.4643,64.8648,326.9216,0.1247,0,,0
PRFN,Промышленность,0.12,0.3397,0.0,226.797,0.072,0,,0
PRMD,Здравоохранение,0.1452,11.7703,0.0,238.2276,0.0871,0,,0
QIWI,Финансы,0.12,5.8968,0.0,232.354,0.072,0,,0
RAGR,Потребительский сектор,0.1452,5.4531,0.0,231.9103,0.0871,0,,0
RASP,Металлы и добыча,0.1357,4.2256,0.0,230.6828,0.0814,0,,0
RDRB,Финансы (Банки),0.7908,6.185,0.0,232.6422,0.7206,8,16.4,1
RENI,Финансы,0.7647,5.6142,0.0,232.0714,0.5512,3,6.4,1
RGSS,Финансы,0.1643,0.176,0.0,226.6333,0.0986,0,,0
RKKE,Промышленность,0.1528,408.339,372.7395,634.7962,0.0917,0,,0
RNFT,Нефть и газ,0.156,4.5015,0.0,230.9588,0.0936,0,,0
ROLO,Металлы и добыча,0.0815,0.1935,0.0,226.6508,0.0489,0,,0
ROSN,Нефть и газ,0.8081,13.4921,0.0,239.9493,0.8541,12,51.15,1
ROST,Потребительский сектор,0.1074,4.2318,0.0,230.689,0.0644,0,,0
RTGZ,Нефть и газ,0.1421,443.0679,407.4685,669.5252,0.0852,0,,0
RTKM,Телекоммуникации,0.9086,4.5966,0.0,231.0539,0.9451,13,2.71,1
RTKMP,Телекоммуникации,0.8517,3.9703,0.0,230.4275,0.8802,12,6.25,1
RTSB,Энергетика,0.2355,0.293,0.0,226.7503,0.1413,0,,0
RTSBP,Энергетика,0.1938,0.3893,0.0,226.8465,0.1163,0,,0
RUAL,Металлы и добыча,0.129,2.1009,0.0,228.5582,0.0774,0,,0
RUSI,Финансы,0.12,3.3028,0.0,229.7601,0.072,0,,0
RZSB,Энергетика,0.73,2.3465,0.0,228.8038,0.6226,6,3.9385335533,1
SAGO,Энергетика,0.2578,0.3083,0.0,226.7655,0.1547,0,,0
SAGOP,Энергетика,0.2187,0.4804,0.0,226.9376,0.1312,0,,0
SARE,Энергетика,0.1086,0.3738,0.0,226.8311,0.0651,0,,0
SAREP,Энергетика,0.1086,0.5377,0.0,226.9949,0.0651,0,,0
SBER,Финансы (Банки),0.9086,18.228,0.0,244.6852,0.9451,13,34.84,1
SBERP,Финансы (Банки),0.7647,13.0593,0.0,239.5166,0.5512,3,34.84,1
SELG,Металлы и добыча,0.1713,2.9704,0.0,229.4276,0.1028,0,,0
SFIN,Финансы,0.7647,61.1881,25.5887,287.6454,0.5512,3,83.5,1
SGZH,Химия,0.1225,0.1985,0.0,226.6557,0.0735,0,,0
SIBN,Нефть и газ,0.8211,21.2325,0.0,247.6897,0.8927,13,27.21,1
SLEN,Энергетика,0.0821,0.1972,0.0,226.6545,0.0493,0,,0
SMLT,Недвижимость,0.1592,86.2522,50.6527,312.7094,0.0955,0,,0
SOFL,IT,0.5013,4.356,0.0,230.8133,0.3316,1,2.5,1
SPBE,Финансы,0.1225,7.0736,0.0,233.5308,0.0735,0,,0
SVAV,Потребительский сектор,0.7647,24.6927,0.0,251.1499,0.5512,3,70.0,1
SVCB,Финансы (Банки),0.7647,0.7657,0.0,227.2229,0.5512,3,0.35,1
T,Финансы (Банки),0.7951,116.4151,80.8156,342.8723,0.5386,2,65.0,1
TATN,Нефть и газ,0.8517,25.2181,0.0,251.6753,0.7571,8,60.5,1
TATNP,Нефть и газ,0.8386,18.8076,0.0,245.2648,0.7493,8,60.5,1
TGKB,Энергетика,0.179,0.1057,0.0,226.5629,0.1074,0,,0
TGKBP,Энергетика,0.0879,0.1592,0.0,226.6164,0.0528,0,,0
TGKN,Энергетика,0.5483,0.1371,0.0,226.5943,0.4213,3,0.0006886424047267,1
TNSE,Энергетика,0.1771,241.0053,205.4058,467.4626,0.1063,0,,0
TORS,Энергетика,0.6181,0.1512,0.0,226.6084,0.4632,3,0.021,1
TORSP,Энергетика,0.6612,0.2287,0.0,226.686,0.5198,4,0.021,1
TRMK,Металлы и добыча,0.1706,4.056,0.0,230.5133,0.1024,0,,0
TRNFP,Нефть и газ,0.8517,121.909,86.3096,348.3663,0.7264,7,198.25,1
TTLK,Телекоммуникации,0.7908,0.1177,0.0,226.5749,0.8745,13,0.03775,1
TUZA,Промышленность,0.12,5.8108,0.0,232.2681,0.072,0,,0
UGLD,Металлы и добыча,0.1477,0.2227,0.0,226.68,0.0886,0,,0
UKUZ,Металлы и добыча,0.0929,35.185,0.0,261.6423,0.0558,0,,0
UNAC,Промышленность,0.1606,0.2647,0.0,226.7219,0.0964,0,,0
UNKL,Металлы и добыча,0.1086,354.1667,318.5673,580.624,0.0651,0,,0
UPRO,Энергетика,0.1708,0.402,0.0,226.8593,0.1025,0,,0
URKZ,Промышленность,0.0994,7.8093,0.0,234.2665,0.0596,0,,0
USBN,Финансы (Банки),0.156,0.2642,0.0,226.7214,0.0936,0,,0
UTAR,Транспорт,0.0994,0.5749,0.0,227.0321,0.0596,0,,0
UWGN,Промышленность,0.1292,1.6515,0.0,228.1088,0.0775,0,,0
VGSB,Энергетика,0.1086,0.9901,0.0,227.4474,0.0651,0,,0
VGSBP,Энергетика,0.1086,1.0407,0.0,227.4979,0.0651,0,,0
VJGZ,Нефть и газ,0.1384,117.3174,81.718,343.7747,0.083,0,,0
VJGZP,Нефть и газ,0.1178,80.2735,44.674,306.7307,0.0707,0,,0
VKCO,IT,0.0994,12.4837,0.0,238.941,0.0596,0,,0
VLHZ,Потребительский сектор,0.12,6.1824,0.0,232.6396,0.072,0,,0
VRSB,Энергетика,0.7777,10.3886,0.0,236.8458,0.5897,4,6.94558516,1
VRSBP,Энергетика,0.73,6.3089,0.0,232.7661,0.5611,4,6.94558516,1
VSEH,Потребительский сектор,0.7642,4.1914,0.0,230.6486,0.4893,1,1.0,1
VSMO,Металлы и добыча,0.1837,590.4683,554.8688,816.9255,0.1102,0,,0
VSYD,Промышленность,0.1355,706.848,671.2486,933.3053,0.0813,0,,0
VSYDP,Промышленность,0.1415,613.9972,578.3977,840.4545,0.0849,0,,0
VTBR,Финансы (Банки),0.8511,8.3578,0.0,234.8151,0.5414,1,25.58,1
WTCM,Недвижимость,0.7777,0.7987,0.0,227.2559,0.682,7,0.883534136546185,1
WTCMP,Недвижимость,0.8517,1.008,0.0,227.4652,0.7264,7,0.883534136546185,1
WUSH,IT,0.156,3.9669,0.0,230.4241,0.0936,0,,0
X5,Потребительский сектор,0.8251,121.043,85.4435,347.5002,0.5258,1,648.0,1
YAKG,Нефть и газ,0.1225,2.1659,0.0,228.6231,0.0735,0,,0
YDEX,IT,0.9,266.0199,230.4204,492.4772,0.6016,2,80.0,1
YKEN,Энергетика,0.0873,0.1083,0.0,226.5656,0.0524,0,,0
YKENP,Энергетика,0.0873,0.1118,0.0,226.569,0.0524,0,,0
YRSB,Энергетика,0.0994,20.6924,0.0,247.1496,0.0596,0,,0
YRSBP,Энергетика,0.1086,6.2575,0.0,232.7147,0.0651,0,,0
ZAYM,Финансы,0.7647,6.4777,0.0,232.9349,0.5204,2,24.22,1
ZVEZ,Промышленность,0.0879,0.7355,0.0,227.1928,0.0528,0,,0
