ticker,year,paid_next,dps_next,p_hat,dps_hat
1332,2016,1,3.5,0.8988367,5.0611362
1333,2016,1,45.0,0.995546,29.59528
1605,2016,1,9.0,0.84260154,10.80015
1721,2016,1,20.0,0.9969284,21.91344
1801,2016,1,12.0,0.9906296,7.2157445
1802,2016,1,19.0,0.9867178,13.949189
1803,2016,1,21.0,0.98874193,10.477195
1808,2016,1,30.0,0.9157541,16.230152
1812,2016,1,13.0,0.9908976,10.713254
1925,2016,1,52.0,0.9958014,32.748886
1928,2016,1,32.0,0.99845254,27.543404
1963,2016,1,30.0,0.98786956,31.56484
2002,2016,1,13.0,0.9967098,14.584526
2212,2016,1,23.0,0.99035066,20.64388
2267,2016,1,16.0,0.99661034,24.367487
2269,2016,1,65.0,0.98406756,49.66095
2282,2016,1,52.0,0.99748755,35.23852
2413,2016,1,10.0,0.9905509,12.013929
2432,2016,1,32.0,0.9961358,22.561428
2501,2016,1,40.0,0.99283844,45.31563
2502,2016,1,45.0,0.9921285,35.82381
2503,2016,1,25.5,0.97169995,20.344423
2531,2016,1,13.0,0.9973863,11.15062
2768,2016,1,4.0,0.91808844,3.297318
2801,2016,1,18.0,0.99047416,26.55539
2802,2016,1,15.0,0.8961762,26.40856
2871,2016,1,16.0,0.9980557,15.847589
2914,2016,1,70.0,0.978966,54.312347
3088,2016,1,50.0,0.998638,42.10904
3092,2016,1,16.0,0.9833372,39.22414
3099,2016,1,6.0,0.9902442,8.336296
3101,2016,1,3.5,0.9669319,4.108846
3103,2016,0,0.0,0.0538226,3.4389498
3105,2016,1,15.0,0.99810433,9.774202
3231,2016,1,35.0,0.99800473,21.999529
3289,2016,1,6.5,0.94295096,7.6306405
3382,2016,1,45.0,0.99032813,36.481026
3401,2016,1,30.0,0.98986036,11.981632
3402,2016,1,7.0,0.9977664,6.5547986
3405,2016,1,22.0,0.99678457,21.398088
3407,2016,1,14.0,0.9950537,9.734045
3436,2016,1,18.0,0.9835844,6.527213
3659,2016,0,0.0,0.2729806,12.159352
3861,2016,1,5.0,0.977967,5.306299
3863,2016,1,30.0,0.8816262,25.42327
3865,2016,1,6.0,0.99680114,6.277564
4004,2016,1,50.0,0.39862022,24.1023
4005,2016,1,7.0,0.97017473,5.63629
4021,2016,1,28.0,0.99363106,32.2505
4041,2016,1,6.0,0.97725576,6.9172873
4042,2016,1,16.5,0.9703801,9.09985
4043,2016,0,0.0,0.30148432,3.9219139
4061,2016,1,7.0,0.9960647,7.480798
4063,2016,1,60.0,0.99561477,72.362686
4151,2016,1,14.5,0.9889417,12.833142
4183,2016,1,9.0,0.9795337,4.309092
4188,2016,1,12.0,0.9972299,9.033023
4208,2016,1,6.0,0.9758253,4.2529745
4272,2016,1,17.5,0.9967097,16.250605
4324,2016,1,45.0,0.98234636,58.276585
4452,2016,1,56.0,0.9380921,64.26873
4502,2016,1,90.0,0.8981591,77.6609
4503,2016,1,17.0,0.9919213,21.334913
4506,2016,1,11.0,0.99725926,13.213679
4507,2016,1,38.0,0.9949444,42.5704
4519,2016,1,33.0,0.97795576,30.817448
4523,2016,1,80.0,0.979265,59.60904
4543,2016,1,22.0,0.9956312,21.203312
4568,2016,1,35.0,0.9686969,30.95549
4578,2016,1,50.0,0.98939496,59.476963
4689,2016,1,8.86,0.9834019,8.212113
4704,2016,1,149.0,0.9705203,106.3519
4751,2016,1,32.0,0.9936724,57.27344
4755,2016,1,4.5,0.9374358,6.524653
4901,2016,1,35.0,0.99644756,34.369
4902,2016,1,15.0,0.96783185,10.466451
4911,2016,1,15.0,0.9989317,21.268078
5019,2016,1,25.0,0.8347932,17.035595
5020,2016,1,8.0,0.89591825,6.6106777
5101,2016,1,31.0,0.98609805,26.76181
5108,2016,1,80.0,0.98386997,68.48731
5201,2016,1,55.0,0.98059124,7.588657
5202,2016,0,0.0,0.03254674,6.2728615
5214,2016,1,50.0,0.9460619,6.206266
5232,2016,1,5.0,0.9820987,4.739155
5233,2016,1,3.0,0.9602542,3.7239354
5301,2016,1,6.0,0.9045081,3.8384416
5332,2016,1,34.0,0.9979037,43.69417
5333,2016,1,20.0,0.99011654,18.648203
5401,2016,1,45.0,0.99515814,20.120846
5406,2016,0,0.0,0.09221938,4.2860103
5411,2016,1,30.0,0.84823465,16.580818
5541,2016,0,0.0,0.1981301,6.6085277
5631,2016,1,12.5,0.9733315,7.0156937
5703,2016,1,5.0,0.9942972,4.167787
5706,2016,1,7.0,0.8582971,3.9927778
5707,2016,1,10.0,0.8900014,6.892436
5711,2016,1,40.0,0.9760415,11.710253
5713,2016,1,6.0,0.9452223,13.933594
5714,2016,1,18.0,0.99310005,15.150788
5715,2016,1,5.0,0.9546947,4.898532
5801,2016,1,55.0,0.9816404,9.832041
5802,2016,1,23.0,0.99837494,15.414899
5803,2016,1,5.0,0.9888243,4.9011154
5901,2016,1,12.0,0.9854306,11.252464
6028,2016,1,62.79,0.99855596,63.430336
6098,2016,1,65.0,0.99729675,51.38526
6103,2016,1,9.0,0.9980573,13.066334
6113,2016,1,18.0,0.9977005,19.594513
6146,2016,1,291.0,0.9943762,127.479164
6178,2016,1,25.0,0.9785952,12.98974
6273,2016,1,200.0,0.99820745,106.98595
6301,2016,1,29.0,0.99458355,39.5097
6302,2016,1,9.0,0.99642545,7.6459923
6305,2016,1,8.0,0.96873605,20.495922
6326,2016,1,17.0,0.9987765,16.432386
6361,2016,1,15.0,0.9984303,13.49432
6366,2016,1,6.0,0.9892196,9.806728
6367,2016,1,70.0,0.99807006,63.92412
6471,2016,1,14.0,0.9682123,14.767277
6472,2016,1,5.0,0.95723313,4.6555386
6473,2016,1,21.0,0.9918681,16.652454
6501,2016,1,7.0,0.985578,6.667147
6503,2016,1,18.0,0.99670875,14.727379
6504,2016,1,6.0,0.9921063,6.126795
6505,2016,1,30.0,0.98589224,43.387146
6506,2016,1,10.0,0.9983895,19.728466
6508,2016,1,4.0,0.9860941,6.7608976
6594,2016,1,45.0,0.99843985,50.762417
6645,2016,1,34.0,0.9937728,51.961735
6674,2016,1,7.0,0.9994605,6.4458075
6701,2016,1,6.0,0.93230456,4.365788
6702,2016,1,5.0,0.9744543,8.058525
6703,2016,1,30.0,0.98098433,6.8717155
6723,2016,0,0.0,0.10851053,11.88941
6724,2016,1,30.0,0.99280304,30.406452
6752,2016,1,15.0,0.9767992,10.56395
6753,2016,0,0.0,0.041385457,4.199708
6758,2016,1,10.0,0.9467876,19.615131
6762,2016,1,60.0,0.99771047,45.381413
6770,2016,1,15.0,0.9968168,27.948277
6841,2016,1,12.5,0.9945399,22.968014
6857,2016,1,12.0,0.9964514,11.1383095
6861,2016,1,75.0,0.9794652,81.26745
6902,2016,1,60.0,0.9896736,46.88482
6920,2016,1,28.0,0.9942279,46.599174
6952,2016,1,20.0,0.97464603,20.236149
6954,2016,1,208.98,0.9939037,158.20055
6971,2016,1,60.0,0.99740297,58.814323
6976,2016,1,10.0,0.99710375,12.224871
6981,2016,1,110.0,0.9967206,83.72576
6988,2016,1,75.0,0.9943506,69.96854
7003,2016,1,3.0,0.90841985,2.889528
7004,2016,1,12.0,0.98706377,7.4404583
7011,2016,1,6.0,0.99630827,6.104014
7012,2016,1,2.0,0.98399156,5.198715
7013,2016,0,0.0,0.51588655,2.7776775
7201,2016,1,24.0,0.9907431,16.620146
7202,2016,1,16.0,0.9971425,16.605766
7203,2016,1,110.0,0.9963955,74.65062
7205,2016,1,15.0,0.9714965,15.007067
7211,2016,1,5.0,0.9333519,12.546226
7261,2016,1,20.0,0.9859365,20.901424
7267,2016,1,24.0,0.99149334,20.67717
7269,2016,1,27.0,0.98823416,25.93202
7270,2016,1,72.0,0.97226644,75.67178
7272,2016,1,49.0,0.99284995,23.120575
7731,2016,1,4.0,0.98904514,12.865105
7733,2016,1,28.0,0.94654775,25.824738
7735,2016,1,87.0,0.9965934,21.68435
7741,2016,1,45.0,0.9891404,51.01403
7751,2016,1,85.0,0.9908318,52.101562
7752,2016,1,12.5,0.9467803,12.424711
7762,2016,1,8.5,0.9939699,8.813213
7832,2016,1,70.0,0.99631774,52.046734
7911,2016,1,10.0,0.98146456,10.937069
7912,2016,1,16.0,0.9801676,13.49508
7951,2016,1,26.0,0.9970349,41.372955
7974,2016,1,430.0,0.99303496,98.14584
8001,2016,1,27.5,0.96339965,28.72418
8002,2016,1,13.5,0.909182,11.027512
8015,2016,1,39.0,0.91271454,22.924326
8031,2016,1,30.0,0.8216163,26.10388
8035,2016,1,224.0,0.9933689,104.882065
8053,2016,1,25.0,0.8903351,20.87965
8058,2016,1,50.0,0.9269726,17.698185
8233,2016,1,6.0,0.99582076,7.5652304
8252,2016,1,17.0,0.9546624,16.546053
8253,2016,1,35.0,0.9886418,27.825176
8267,2016,1,15.0,0.9880292,16.306429
8304,2016,1,5.7,0.97912645,5.083315
8306,2016,1,9.0,0.985578,9.010544
8308,2016,1,9.5,0.99026006,9.065027
8309,2016,1,65.0,0.99070543,16.466568
8316,2016,1,75.0,0.9681,41.081463
8331,2016,1,7.5,0.97925067,8.884265
8354,2016,1,6.5,0.96831125,7.0947223
8411,2016,1,3.75,0.98006266,3.9991293
8601,2016,1,13.0,0.9865746,12.7335415
8604,2016,1,11.0,0.97992516,6.6558824
8628,2016,1,20.0,0.99455017,21.088081
8630,2016,1,50.0,0.97746366,35.986042
8697,2016,1,26.0,0.9919185,23.77478
8725,2016,1,70.0,0.9946278,43.406994
8750,2016,1,43.0,0.9910994,44.25095
8766,2016,1,72.5,0.99420565,47.131374
8795,2016,1,17.5,0.98637265,28.151382
8801,2016,1,18.0,0.9910597,12.90076
8802,2016,1,11.0,0.99678975,10.066735
8804,2016,1,16.0,0.99190384,12.66389
8830,2016,1,13.0,0.9924166,11.429731
9001,2016,1,3.5,0.89425087,3.5899239
9005,2016,1,4.5,0.98560506,5.8549414
9007,2016,1,10.0,0.186191,5.569701
9008,2016,1,4.5,0.958171,4.59537
9009,2016,1,8.0,0.9565986,7.2773924
9020,2016,1,65.0,0.9948426,68.01119
9021,2016,1,70.0,0.9941943,69.59911
9022,2016,1,70.0,0.9890141,60.12837
9064,2016,1,14.0,0.99581075,16.250679
9101,2016,0,0.0,0.63756484,2.5723944
9104,2016,0,0.0,0.8801545,3.2523634
9107,2016,0,0.0,0.81701976,2.9355392
9201,2016,1,94.0,0.9672316,63.76309
9202,2016,1,6.0,0.9676614,4.104137
9301,2016,1,8.0,0.9930059,6.6475363
9412,2016,1,10.0,0.98987085,7.463348
9432,2016,1,60.0,0.9955395,61.77365
9433,2016,1,45.0,0.9964206,23.558128
9501,2016,0,0.0,0.02717346,13.933387
9502,2016,1,15.0,0.9334059,21.662958
9503,2016,1,25.0,0.042578354,19.777348
9508,2016,1,15.0,0.7235198,19.794756
9531,2016,1,5.5,0.97569853,8.5041
9532,2016,1,5.0,0.9865609,8.552469
9602,2016,1,32.5,0.9914842,23.285036
9735,2016,1,75.0,0.9985386,84.42269
9766,2016,1,41.0,0.9975873,31.316774
9843,2016,1,47.0,0.9953621,61.841366
9983,2016,1,175.0,0.9878693,127.40604
9984,2016,1,22.0,0.9892057,40.18866
1332,2017,1,4.0,0.9983411,5.693472
1333,2017,1,40.0,0.9960944,39.63956
1605,2017,1,9.0,0.9554837,10.238763
1721,2017,1,25.0,0.9961643,27.651752
1801,2017,1,75.0,0.99878436,26.53589
1802,2017,1,14.0,0.99652463,22.21637
1803,2017,1,16.0,0.99236417,16.240158
1808,2017,1,40.0,0.9979553,18.319794
1812,2017,1,14.0,0.9980153,12.712013
1925,2017,1,62.0,0.9981875,43.736336
1928,2017,1,40.0,0.9976133,29.822424
1963,2017,1,25.0,0.96913505,13.525129
2002,2017,1,15.0,0.9981629,19.62403
2212,2017,1,20.0,0.99528176,20.596947
2267,2017,1,17.0,0.9954066,27.543118
2269,2017,1,72.5,0.99896514,52.25458
2282,2017,1,53.0,0.9973864,31.445765
2413,2017,1,11.0,0.9913805,18.216248
2432,2017,1,32.0,0.9828493,26.44372
2501,2017,1,42.0,0.9982469,48.096775
2502,2017,1,54.0,0.9985678,41.05335
2503,2017,1,27.0,0.99573517,38.17065
2531,2017,1,16.0,0.99824226,11.514088
2768,2017,1,6.0,0.98555994,4.063076
2801,2017,1,17.0,0.99464744,27.689512
2802,2017,1,17.0,0.9917577,18.721407
2871,2017,1,15.0,0.99893135,30.413298
2914,2017,1,75.0,0.9940077,56.9865
3088,2017,1,30.0,0.9982185,42.957253
3092,2017,1,17.0,0.983062,18.744997
3099,2017,1,6.0,0.9987286,6.784685
3101,2017,1,40.0,0.99635255,13.69223
3103,2017,0,0.0,0.05268385,12.513884
3105,2017,1,15.0,0.99183875,10.691659
3231,2017,1,35.0,0.9981913,25.639038
3289,2017,1,7.5,0.99222386,11.156767
3382,2017,1,45.0,0.998298,43.159515
3401,2017,1,30.0,0.9937144,31.845072
3402,2017,1,8.0,0.9987123,7.9677324
3405,2017,1,22.0,0.9990866,20.09487
3407,2017,1,20.0,0.9966356,12.818071
3436,2017,1,32.0,0.9883951,18.143974
3659,2017,0,0.0,0.21862896,15.336198
3861,2017,1,5.0,0.9948841,7.228801
3863,2017,1,30.0,0.910827,31.137287
3865,2017,1,6.0,0.99825007,6.5716496
4004,2017,1,100.0,0.9952494,48.00433
4005,2017,1,12.0,0.9969116,9.131726
4021,2017,1,36.0,0.9976902,28.26621
4041,2017,1,6.0,0.99759275,8.648938
4042,2017,1,32.0,0.9951735,18.558176
4043,2017,1,20.0,0.40350032,22.58071
4061,2017,1,55.0,0.9990846,24.854473
4063,2017,1,75.0,0.9959512,67.729225
4151,2017,1,20.0,0.99039876,17.927248
4183,2017,1,45.0,0.9978143,21.377075
4188,2017,1,17.0,0.9970298,15.486993
4208,2017,1,75.0,0.9972242,23.857098
4272,2017,1,15.0,0.99776506,15.596751
4324,2017,1,45.0,0.99410194,48.590843
4452,2017,1,60.0,0.9973304,59.9279
4502,2017,1,90.0,0.986016,65.14468
4503,2017,1,18.0,0.9911243,20.380556
4506,2017,1,19.0,0.9862554,12.129947
4507,2017,1,44.0,0.9980379,37.555855
4519,2017,1,55.0,0.989856,34.689083
4523,2017,1,80.0,0.9928405,61.632378
4543,2017,1,27.0,0.9946748,21.142502
4568,2017,1,35.0,0.9935503,26.789717
4578,2017,1,50.0,0.9952289,52.69941
4689,2017,1,8.86,0.9907136,8.513277
4704,2017,1,163.0,0.99708575,112.599045
4751,2017,1,32.0,0.98886895,33.477356
4755,2017,1,4.5,0.9565974,6.6274734
4901,2017,1,37.5,0.9962088,42.119183
4902,2017,1,15.0,0.99113595,12.865583
4911,2017,1,25.0,0.9920099,32.35053
5019,2017,1,40.0,0.9945674,30.047277
5020,2017,1,10.0,0.99474394,9.574757
5101,2017,1,31.0,0.9959831,34.389538
5108,2017,1,80.0,0.99658597,52.209095
5201,2017,1,60.0,0.99923325,48.02255
5202,2017,1,20.0,0.01600043,20.107935
5214,2017,1,50.0,0.9964135,42.452034
5232,2017,1,5.5,0.9944944,6.206864
5233,2017,1,30.0,0.99350387,22.561771
5301,2017,1,12.0,0.9939878,12.211707
5332,2017,1,36.0,0.9960847,41.935802
5333,2017,1,23.0,0.9964903,21.188145
5401,2017,1,40.0,0.9947286,31.094385
5406,2017,1,30.0,0.045662057,10.747376
5411,2017,1,50.0,0.9934043,23.762863
5541,2017,0,0.0,0.08268403,9.908186
5631,2017,1,20.0,0.9910597,28.264969
5703,2017,1,4.0,0.9979315,5.6440277
5706,2017,1,70.0,0.9949092,20.00609
5707,2017,1,125.0,0.9822599,18.72367
5711,2017,1,50.0,0.9947673,44.123383
5713,2017,1,66.0,0.93201214,19.189535
5714,2017,1,90.0,0.9979073,24.486732
5715,2017,1,50.0,0.9433058,15.279746
5801,2017,1,80.0,0.99721044,48.15544
5802,2017,1,25.0,0.9988244,21.764719
5803,2017,1,7.0,0.99925965,8.610832
5901,2017,1,7.0,0.96971905,9.594114
6028,2017,1,70.0,0.99904686,57.091526
6098,2017,1,12.0,0.99682033,29.351135
6103,2017,1,60.0,0.998895,27.237303
6113,2017,1,22.0,0.9983632,20.223362
6146,2017,1,248.0,0.99862885,154.18947
6178,2017,1,32.0,0.96949077,19.48647
6273,2017,1,200.0,0.99512863,104.403755
6301,2017,1,48.0,0.9980579,45.041706
6302,2017,1,45.0,0.9987828,20.799753
6305,2017,1,49.0,0.99365693,22.100763
6326,2017,1,18.0,0.99942243,17.365026
6361,2017,1,30.0,0.9927356,42.162518
6366,2017,1,7.5,0.9884198,7.4549437
6367,2017,1,75.0,0.9992249,56.938465
6471,2017,1,21.0,0.9958902,15.916614
6472,2017,1,7.5,0.9778796,6.0861025
6473,2017,1,22.0,0.99637836,20.920408
6501,2017,1,8.0,0.99176764,9.269084
6503,2017,1,26.0,0.9966007,17.521315
6504,2017,1,8.0,0.99410325,7.0044894
6505,2017,1,50.0,0.99433446,195.8488
6506,2017,1,20.0,0.99287766,18.42423
6508,2017,1,5.0,0.99612504,5.9433656
6594,2017,1,50.0,0.99826616,47.945656
6645,2017,1,38.0,0.997769,47.677467
6674,2017,1,7.0,0.998665,6.5836763
6701,2017,1,60.0,0.98003834,13.641907
6702,2017,1,6.0,0.9944788,7.8686643
6703,2017,1,30.0,0.9844775,25.674482
6723,2017,0,0.0,0.37934384,13.17703
6724,2017,1,32.0,0.99490756,25.616005
6752,2017,1,20.0,0.99528176,14.216148
6753,2017,1,10.0,0.07551952,8.921167
6758,2017,1,15.0,0.95413315,18.47218
6762,2017,1,70.0,0.9933455,60.550194
6770,2017,1,20.0,0.9986613,20.837156
6841,2017,1,15.0,0.9987632,19.557524
6857,2017,1,23.0,0.99728954,15.42128
6861,2017,1,50.0,0.9962243,74.805786
6902,2017,1,65.0,0.99859744,64.14063
6920,2017,1,22.0,0.9928604,32.86986
6952,2017,1,30.0,0.9969547,21.139133
6954,2017,1,297.75,0.9949184,202.5605
6971,2017,1,60.0,0.9988319,55.353985
6976,2017,1,10.0,0.99679285,10.131011
6981,2017,1,130.0,0.9989256,117.3737
6988,2017,1,80.0,0.9971866,62.04564
7003,2017,0,0.0,0.9647697,12.016957
7004,2017,1,12.0,0.99861896,7.8455877
7011,2017,1,60.0,0.9864073,12.552757
7012,2017,1,30.0,0.99541193,20.515657
7013,2017,1,30.0,0.32761392,15.241985
7186,2017,1,6.5,0.9900829,11.094872
7201,2017,1,26.5,0.99607253,28.590223
7202,2017,1,17.0,0.9967077,19.923054
7203,2017,1,120.0,0.9969392,86.377785
7205,2017,1,15.0,0.9948257,16.46081
7211,2017,1,10.0,0.8827135,7.676141
7261,2017,1,20.0,0.99762756,18.866537
7267,2017,1,27.0,0.9968207,30.835363
7269,2017,1,44.0,0.9972518,45.609795
7270,2017,1,72.0,0.9936247,49.141464
7272,2017,1,45.0,0.9984505,34.2867
7731,2017,1,22.0,0.9840912,11.677748
7733,2017,1,28.0,0.9944564,23.411133
7735,2017,1,110.0,0.9979417,61.653408
7741,2017,1,45.0,0.9960802,51.045006
7751,2017,1,80.0,0.9986759,65.46302
7752,2017,1,7.5,0.8908199,12.003269
7762,2017,1,13.5,0.9975661,9.052307
7832,2017,1,111.0,0.99849963,60.71062
7911,2017,1,10.0,0.98826605,11.560323
7912,2017,1,32.0,0.9964133,15.109408
7951,2017,1,28.0,0.99853754,30.555492
7974,2017,1,480.0,0.9915575,164.061
8001,2017,1,38.0,0.9960819,34.817604
8002,2017,1,18.5,0.98071516,13.332555
8015,2017,1,49.0,0.99580526,28.677387
8031,2017,1,40.0,0.9571492,28.233385
8035,2017,1,347.0,0.9912759,119.56927
8053,2017,1,34.0,0.993443,31.131596
8058,2017,1,63.0,0.99099976,31.24865
8233,2017,1,6.0,0.998456,8.507579
8252,2017,1,20.0,0.9635398,17.585194
8253,2017,1,35.0,0.9937469,28.369583
8267,2017,1,15.0,0.99686384,16.498571
8304,2017,1,54.0,0.99524045,20.027868
8306,2017,1,10.0,0.98119235,12.047034
8308,2017,1,10.0,0.9956115,10.567245
8309,2017,1,65.0,0.99554825,36.61184
8316,2017,1,90.0,0.9938293,60.676056
8331,2017,1,7.5,0.9948113,9.408249
8354,2017,1,7.5,0.761374,8.185156
8411,2017,1,3.75,0.9884653,5.2646594
8601,2017,1,15.0,0.98414606,12.381964
8604,2017,1,11.0,0.9927406,8.929537
8628,2017,1,27.0,0.99834,19.449583
8630,2017,1,55.0,0.99837166,44.945744
8697,2017,1,43.0,0.9971577,27.935574
8725,2017,1,65.0,0.99822885,59.32305
8750,2017,1,50.0,0.99583083,42.136047
8766,2017,1,80.0,0.99484324,62.697132
8795,2017,1,20.0,0.99713564,29.222292
8801,2017,1,22.0,0.9965571,15.249933
8802,2017,1,14.0,0.9992052,13.442377
8804,2017,1,19.0,0.9982152,14.127411
8830,2017,1,14.0,0.9985114,14.799696
9001,2017,1,17.5,0.9817669,12.060479
9005,2017,1,10.0,0.9848936,7.3543687
9007,2017,1,10.0,0.980992,10.48688
9008,2017,1,25.0,0.9950636,15.4421835
9009,2017,1,8.0,0.99608886,12.156021
9020,2017,1,70.0,0.99711394,61.534466
9021,2017,1,80.0,0.99878126,65.0603
9022,2017,1,70.0,0.99203616,50.47693
9064,2017,1,14.0,0.9972187,13.587724
9101,2017,1,30.0,0.102307975,10.952718
9104,2017,1,10.0,0.044686742,18.013077
9107,2017,0,0.0,0.100785434,20.461979
9201,2017,1,57.5,0.99789786,95.967896
9202,2017,1,60.0,0.9965327,10.566558
9301,2017,1,14.0,0.99648476,13.765304
9412,2017,1,9.0,0.9966354,7.014257
9432,2017,1,75.0,0.99518675,57.980682
9433,2017,1,45.0,0.9958241,41.87234
9501,2017,0,0.0,0.058167856,13.312861
9502,2017,1,20.0,0.98354715,19.521545
9503,2017,1,20.0,0.9883647,19.867128
9508,2017,1,10.0,0.95577097,12.590262
9531,2017,1,27.5,0.9808952,14.418576
9532,2017,1,25.0,0.99168676,12.809726
9602,2017,1,32.5,0.9978053,27.669266
9735,2017,1,80.0,0.9991372,66.62091
9766,2017,1,38.0,0.9843844,39.787678
9843,2017,1,47.0,0.9941764,55.04519
9983,2017,1,240.0,0.9920288,129.54866
9984,2017,1,22.0,0.98690146,27.256758
1332,2018,1,4.0,0.9982973,6.6783957
1333,2018,1,40.0,0.998587,38.007816
1605,2018,1,15.0,0.9277764,8.547538
1721,2018,1,30.0,0.99875045,31.272425
1801,2018,1,70.0,0.9982134,61.862225
1802,2018,1,18.0,0.9913396,16.528025
1803,2018,1,23.0,0.9869077,14.786322
1808,2018,1,70.0,0.9952246,32.53103
1812,2018,1,26.0,0.982544,14.096796
1925,2018,1,64.0,0.99753726,44.06233
1928,2018,1,40.0,0.9958359,31.879265
1963,2018,1,28.5,0.91083163,15.239898
2002,2018,1,16.0,0.9981269,15.673464
2212,2018,1,20.0,0.9986268,21.364664
2267,2018,1,24.0,0.9922659,26.752453
2269,2018,1,75.0,0.9977518,64.459885
2282,2018,1,90.0,0.9965109,51.369953
2413,2018,1,7.0,0.97551924,12.181066
2432,2018,1,40.0,0.99507505,26.615534
2501,2018,1,42.0,0.965547,33.380642
2502,2018,1,48.0,0.9983884,50.750484
2503,2018,1,32.5,0.996594,29.901081
2531,2018,1,18.0,0.99856466,14.814741
2768,2018,1,9.5,0.9928558,5.5397305
2801,2018,1,21.0,0.998168,20.74623
2802,2018,1,16.0,0.9973705,17.549915
2871,2018,1,16.0,0.99932086,28.339287
2914,2018,1,77.0,0.9829759,39.31685
3088,2018,1,35.0,0.99908996,24.138733
3092,2018,1,10.0,0.9568347,12.657204
3099,2018,1,6.0,0.9963103,7.7671804
3101,2018,1,40.0,0.98500603,29.109018
3103,2018,0,0.0,0.063140176,21.801548
3105,2018,1,15.0,0.7624044,8.434035
3231,2018,1,37.5,0.9936475,26.180473
3289,2018,1,8.0,0.9784329,7.8956075
3382,2018,1,47.5,0.99884367,43.298077
3401,2018,1,40.0,0.99250436,32.65013
3402,2018,1,8.0,0.9910381,8.230588
3405,2018,1,22.0,0.9975473,20.049452
3407,2018,1,17.0,0.9941433,15.356296
3436,2018,1,10.0,0.9372391,16.516348
3659,2018,1,2.5,0.029499087,11.737677
3861,2018,1,6.0,0.9973507,4.4267883
3863,2018,1,30.0,0.88755274,15.873307
3865,2018,1,6.0,0.98213494,6.6512566
4004,2018,1,80.0,0.9835684,61.082386
4005,2018,1,11.0,0.9159769,8.655393
4021,2018,1,42.0,0.9981669,42.342175
4041,2018,1,30.0,0.8779369,16.398758
4042,2018,1,28.0,0.9824469,21.77479
4043,2018,1,25.0,0.9872493,42.954517
4061,2018,1,60.0,0.9981572,48.044445
4063,2018,1,100.0,0.99575955,76.123825
4151,2018,1,22.0,0.9750904,18.576721
4183,2018,1,50.0,0.9974004,42.622227
4188,2018,1,20.0,0.9769871,15.316902
4208,2018,1,80.0,0.9955244,36.88623
4272,2018,1,15.0,0.9955752,15.529792
4324,2018,1,47.5,0.99277425,50.45418
4452,2018,1,65.0,0.99758494,67.38927
4502,2018,1,90.0,0.76079434,62.835175
4503,2018,1,19.0,0.98732775,18.720472
4506,2018,1,19.0,0.9800212,27.217665
4507,2018,1,50.0,0.99611413,49.322212
4519,2018,1,92.0,0.9862179,47.765285
4523,2018,1,80.0,0.9946911,60.644245
4543,2018,1,27.0,0.97407496,33.358074
4568,2018,1,35.0,0.99410725,32.359364
4578,2018,1,50.0,0.9897287,50.646637
4689,2018,1,8.86,0.9430081,7.79262
4704,2018,1,160.0,0.9948285,107.80954
4751,2018,1,33.0,0.9911533,40.63556
4755,2018,1,4.5,0.9637038,5.0542154
4901,2018,1,40.0,0.9967146,39.334118
4902,2018,1,15.0,0.992148,12.57535
4911,2018,1,30.0,0.9966599,34.666355
5019,2018,1,50.0,0.99750406,46.240635
5020,2018,1,11.0,0.9882158,10.316835
5101,2018,1,33.0,0.9900643,25.581512
5108,2018,1,80.0,0.99414164,73.96615
5201,2018,1,60.0,0.98922145,37.668682
5202,2018,1,20.0,0.67190564,24.332668
5214,2018,1,50.0,0.9513211,23.725079
5232,2018,1,55.0,0.9943851,22.316513
5233,2018,1,30.0,0.9918242,39.59262
5301,2018,1,24.0,0.9950023,22.820244
5332,2018,1,45.0,0.98687774,40.717644
5333,2018,1,25.0,0.9673875,18.3832
5401,2018,1,40.0,0.9645421,29.532452
5406,2018,1,10.0,0.6759802,15.907884
5411,2018,1,50.0,0.9778301,22.773159
5541,2018,1,35.0,0.075725675,13.44879
5631,2018,1,30.0,0.9538449,22.279152
5703,2018,1,5.0,0.99089897,5.4613576
5706,2018,1,70.0,0.82718337,26.574848
5707,2018,1,70.0,0.95920867,49.981983
5711,2018,1,40.0,0.98602825,36.64578
5713,2018,1,22.0,0.92054176,34.967136
5714,2018,1,90.0,0.9966273,40.534874
5715,2018,1,50.0,0.6760042,28.280693
5801,2018,1,85.0,0.9720721,36.43791
5802,2018,1,24.0,0.9927725,20.718508
5803,2018,1,5.0,0.909603,8.823431
5901,2018,1,7.0,0.9914693,11.030506
6028,2018,1,84.0,0.99807405,58.87585
6098,2018,1,14.5,0.9927089,23.91847
6103,2018,1,65.0,0.9920557,63.04833
6113,2018,1,25.0,0.9920257,16.740204
6146,2018,1,208.0,0.92524683,153.09453
6178,2018,1,25.0,0.9839626,26.078297
6273,2018,1,200.0,0.9811193,136.09706
6301,2018,1,59.0,0.98661834,33.1144
6302,2018,1,62.0,0.99588424,39.377472
6305,2018,1,57.0,0.92597127,41.42368
6326,2018,1,19.0,0.99649113,21.541416
6361,2018,1,30.0,0.9717907,26.940199
6366,2018,0,0.0,0.30791855,5.1531377
6367,2018,1,90.0,0.99857783,68.627045
6471,2018,1,20.0,0.94411147,12.726444
6472,2018,1,7.5,0.6630979,6.0679703
6473,2018,1,22.0,0.9752584,14.535168
6501,2018,1,50.0,0.98118144,20.319147
6503,2018,1,26.0,0.9852415,19.239384
6504,2018,1,40.0,0.99343055,20.514984
6505,2018,1,30.0,0.96298933,97.8914
6506,2018,1,26.0,0.96692544,21.988674
6508,2018,1,25.0,0.96616614,14.071898
6594,2018,1,55.0,0.99386394,59.121376
6645,2018,1,42.0,0.9817877,46.708836
6674,2018,1,35.0,0.99890566,21.24034
6701,2018,1,40.0,0.9977586,32.82624
6702,2018,1,80.0,0.9859402,27.096458
6703,2018,1,50.0,0.96750814,29.263357
6723,2018,0,0.0,0.029400786,8.983397
6724,2018,1,31.0,0.91639215,15.793517
6752,2018,1,15.0,0.96718985,12.061176
6753,2018,1,20.0,0.7972256,12.562723
6758,2018,1,20.0,0.97864026,26.59446
6762,2018,1,80.0,0.9956951,55.402267
6770,2018,1,25.0,0.992619,24.627033
6841,2018,1,17.0,0.9973911,17.186558
6857,2018,1,42.0,0.9967449,22.572369
6861,2018,1,100.0,0.97929776,97.7604
6902,2018,1,70.0,0.99304307,52.841953
6920,2018,1,31.0,0.99174,24.841543
6952,2018,1,25.0,0.9977126,20.879639
6954,2018,1,404.92,0.96969706,142.59375
6971,2018,1,80.0,0.98703104,47.91683
6976,2018,1,11.0,0.99735874,16.076471
6981,2018,1,140.0,0.998422,101.28858
6988,2018,1,90.0,0.9806285,60.518124
7003,2018,0,0.0,0.015648488,24.212317
7004,2018,1,12.0,0.38441676,7.4052134
7011,2018,1,65.0,0.99523264,27.500217
7012,2018,1,35.0,0.9529755,31.53362
7013,2018,1,40.0,0.9962185,32.71227
7186,2018,1,9.5,0.94324744,7.5267987
7201,2018,1,28.5,0.98772675,27.924393
7202,2018,1,19.0,0.9964444,16.72244
7203,2018,1,120.0,0.9965153,101.01673
7205,2018,1,15.0,0.981076,10.093181
7211,2018,1,10.0,0.9601777,9.277639
7261,2018,1,20.0,0.98032266,18.84242
7267,2018,1,28.0,0.98729604,35.160534
7269,2018,1,37.0,0.9984433,43.77465
7270,2018,1,72.0,0.98835063,49.86357
7272,2018,1,45.0,0.9702644,21.878225
7731,2018,1,30.0,0.9728184,16.375034
7733,2018,1,30.0,0.93803793,23.95
7735,2018,1,97.0,0.990263,56.43785
7741,2018,1,45.0,0.9902318,56.17307
7751,2018,1,80.0,0.9898233,69.677734
7752,2018,1,13.0,0.7745562,12.821139
7762,2018,1,10.0,0.9757794,7.6596804
7832,2018,1,127.0,0.99778336,85.65156
7911,2018,1,20.0,0.9915386,14.677086
7912,2018,1,32.0,0.99795604,27.999756
7951,2018,1,30.0,0.996903,31.038681
7974,2018,1,640.0,0.9882714,182.65271
8001,2018,1,46.0,0.997088,38.425213
8002,2018,1,17.0,0.972806,16.927052
8015,2018,1,50.0,0.9897669,19.320992
8031,2018,1,40.0,0.9784092,31.91824
8035,2018,1,345.0,0.9812135,141.79344
8053,2018,1,38.0,0.9959253,32.36083
8058,2018,1,63.0,0.9943427,53.497982
8233,2018,1,12.0,0.987002,12.663379
8252,2018,1,26.0,0.9960347,22.97478
8253,2018,1,45.0,0.97177786,24.62596
8267,2018,1,17.0,0.9962553,12.080628
8304,2018,1,34.0,0.9919539,38.47304
8306,2018,1,11.0,0.9570921,11.577292
8308,2018,1,10.5,0.9884115,9.62608
8309,2018,1,75.0,0.9950051,56.130283
8316,2018,1,95.0,0.97523344,64.00764
8331,2018,1,8.0,0.9695087,6.923039
8354,2018,1,42.5,0.9551918,25.847048
8411,2018,1,3.75,0.9910585,5.547027
8601,2018,1,9.0,0.9762071,13.070966
8604,2018,1,3.0,0.93164384,7.9599895
8628,2018,1,65.0,0.9981263,25.58536
8630,2018,1,65.0,0.9983708,47.623646
8697,2018,1,43.0,0.99735755,32.63712
8725,2018,1,70.0,0.9961433,56.57677
8750,2018,1,58.0,0.9862555,38.991783
8766,2018,1,90.0,0.9987066,70.64762
8795,2018,1,22.0,0.99186784,21.802538
8801,2018,1,24.0,0.99766076,20.673216
8802,2018,1,17.0,0.9979919,15.3187
8804,2018,1,22.0,0.97549826,16.155619
8830,2018,1,16.0,0.99863726,14.7975
9001,2018,1,17.5,0.9920744,30.17378
9005,2018,1,10.0,0.9958032,13.819125
9007,2018,1,11.0,0.9851658,13.232167
9008,2018,1,25.0,0.9965687,35.413574
9009,2018,1,9.5,0.99365556,11.208666
9020,2018,1,75.0,0.998281,67.53336
9021,2018,1,87.5,0.9986939,71.9209
9022,2018,1,75.0,0.9958905,71.738754
9064,2018,1,14.0,0.9978073,16.196224
9101,2018,1,10.0,0.3378505,23.53779
9104,2018,1,25.0,0.210234,31.836977
9107,2018,0,0.0,0.032595593,28.132206
9201,2018,1,55.0,0.998528,70.1007
9202,2018,1,75.0,0.9994049,63.28046
9301,2018,1,30.0,0.99668026,20.05653
9412,2018,1,9.0,0.9941332,8.817592
9432,2018,1,95.0,0.9958621,66.17667
9433,2018,1,55.0,0.993057,45.73351
9501,2018,0,0.0,0.060612064,16.538546
9502,2018,1,25.0,0.9910671,22.428709
9503,2018,1,25.0,0.99047285,24.24989
9508,2018,1,15.0,0.95542103,16.451674
9531,2018,1,32.5,0.99629956,37.12087
9532,2018,1,25.0,0.99357903,24.309872
9602,2018,1,27.5,0.9967816,27.370281
9735,2018,1,85.0,0.9991973,74.3347
9766,2018,1,65.5,0.9813324,45.942657
9843,2018,1,50.0,0.99538994,63.812363
9983,2018,1,240.0,0.9988568,161.48253
9984,2018,1,22.0,0.9732405,21.260609
1332,2019,1,4.5,0.9995747,6.211827
1333,2019,1,40.0,0.9896992,38.16344
1605,2019,1,12.0,0.9904379,12.206964
1721,2019,1,40.0,0.99927276,29.74942
1801,2019,1,65.0,0.99818844,61.43114
1802,2019,1,16.0,0.9988751,20.658731
1803,2019,1,20.0,0.9984309,20.690823
1808,2019,1,50.0,0.99875593,44.305065
1812,2019,1,25.0,0.9985733,24.188301
1925,2019,1,60.0,0.9995254,47.951164
1928,2019,1,41.0,0.9994779,38.26534
1963,2019,1,12.0,0.9985654,17.905113
2002,2019,1,17.0,0.9994522,17.290487
2212,2019,1,22.0,0.9979995,18.899593
2267,2019,1,23.0,0.9885716,19.699167
2269,2019,1,80.0,0.99856013,76.14126
2282,2019,1,90.0,0.9987049,62.404976
2413,2019,1,8.5,0.991771,15.60743
2432,2019,1,20.0,0.993008,20.647875
2501,2019,1,42.0,0.99696964,37.688793
2502,2019,1,53.0,0.99915206,54.358948
2503,2019,1,32.5,0.9970299,32.092358
2531,2019,1,20.0,0.99834335,11.982425
2768,2019,1,8.5,0.96133494,7.199853
2801,2019,1,21.0,0.9988697,22.935816
2802,2019,1,16.0,0.99549955,19.545103
2871,2019,1,21.0,0.9994054,22.268476
2914,2019,1,77.0,0.98771983,61.281162
3088,2019,1,35.0,0.9990721,38.84976
3092,2019,1,18.0,0.9831648,13.479492
3099,2019,1,6.0,0.98876405,8.313033
3101,2019,1,40.0,0.99442744,28.73092
3103,2019,0,0.0,0.022039225,22.663399
3105,2019,1,15.0,0.9737446,10.192088
3231,2019,1,40.0,0.99807656,30.362463
3289,2019,1,8.0,0.99861217,10.074688
3382,2019,1,51.0,0.99872917,46.26578
3401,2019,1,30.0,0.9992741,41.050743
3402,2019,1,8.0,0.99880266,9.1420965
3405,2019,1,19.0,0.990647,22.93876
3407,2019,1,16.0,0.99892396,21.529348
3436,2019,1,9.0,0.99858487,20.069933
3659,2019,1,2.5,0.97281814,6.3296576
3861,2019,1,7.0,0.99819666,8.208745
3863,2019,1,30.0,0.91454196,28.283436
3865,2019,1,6.0,0.9941526,7.822554
4004,2019,1,65.0,0.993109,65.61303
4005,2019,1,6.0,0.9871431,8.651336
4021,2019,1,48.0,0.9960608,38.43798
4041,2019,1,50.0,0.98459977,39.73041
4042,2019,1,28.0,0.998865,32.210587
4043,2019,1,35.0,0.99792933,57.25952
4061,2019,1,65.0,0.99963474,55.676342
4063,2019,1,110.0,0.998909,80.98193
4151,2019,1,22.0,0.9730445,22.398191
4183,2019,1,50.0,0.9993734,37.845894
4188,2019,1,12.0,0.9905005,18.316418
4208,2019,1,45.0,0.99964595,56.34032
4272,2019,1,15.0,0.9980451,16.293919
4324,2019,1,23.75,0.8679647,28.533276
4385,2019,0,0.0,0.2097998,19.51947
4452,2019,1,70.0,0.9990164,70.727615
4502,2019,1,90.0,0.9574223,29.13932
4503,2019,1,20.0,0.9647678,24.894516
4506,2019,1,14.0,0.9955317,23.19222
4507,2019,1,53.0,0.9976942,44.566036
4519,2019,1,30.0,0.9931108,90.08179
4523,2019,1,80.0,0.9968913,54.000767
4543,2019,1,14.0,0.9964541,30.166704
4568,2019,1,35.0,0.9955955,47.71959
4578,2019,1,50.0,0.99876815,60.023613
4689,2019,1,8.86,0.97488153,9.097083
4704,2019,1,153.0,0.99548894,140.43779
4751,2019,1,34.0,0.996914,30.950272
4755,2019,1,4.5,0.6161299,7.761733
4901,2019,1,47.5,0.99814546,45.692947
4902,2019,1,10.0,0.90574855,15.895375
4911,2019,1,20.0,0.998691,42.61552
5019,2019,1,80.0,0.9986401,46.74882
5020,2019,1,11.0,0.96840703,9.141591
5101,2019,1,32.0,0.9993531,37.601807
5108,2019,1,60.0,0.99787056,67.338905
5201,2019,1,60.0,0.99887365,52.484726
5202,2019,0,0.0,0.21828674,22.163288
5214,2019,1,50.0,0.91134113,28.150215
5232,2019,1,60.0,0.9980394,62.303047
5233,2019,1,30.0,0.99847144,45.968204
5301,2019,1,15.0,0.99269134,21.629387
5332,2019,1,45.0,0.998058,43.236492
5333,2019,1,25.0,0.9975587,24.260841
5401,2019,0,0.0,0.9836684,21.576645
5406,2019,0,0.0,0.52038956,10.339928
5411,2019,0,0.0,0.9797636,27.50581
5541,2019,1,5.0,0.95551395,27.766052
5631,2019,1,17.5,0.9988752,34.977684
5703,2019,1,5.0,0.9963618,5.5756607
5706,2019,1,70.0,0.99905115,40.167347
5707,2019,0,0.0,0.26835868,34.26861
5711,2019,1,40.0,0.98766625,33.423622
5713,2019,1,39.0,0.9983699,52.000122
5714,2019,1,90.0,0.99947923,58.80728
5715,2019,1,50.0,0.9942009,37.45256
5801,2019,1,85.0,0.99936193,61.84784
5802,2019,1,16.0,0.9985884,23.754122
5803,2019,0,0.0,0.9158799,6.825384
5901,2019,1,7.0,0.852535,13.290313
6028,2019,1,100.0,0.9982968,59.4688
6098,2019,1,15.0,0.996552,28.123463
6103,2019,1,65.0,0.99901366,38.870407
6113,2019,1,24.0,0.9988611,22.649485
6146,2019,1,347.0,0.99587977,172.76451
6178,2019,1,25.0,0.97744715,25.167196
6273,2019,0,0.0,0.99829274,181.9034
6301,2019,1,39.0,0.9989497,57.281197
6302,2019,1,35.0,0.99895215,58.38191
6305,2019,1,24.0,0.9990088,54.990032
6326,2019,1,19.0,0.99946016,22.763447
6361,2019,1,60.0,0.9991047,34.380333
6366,2019,0,0.0,0.03392573,7.586061
6367,2019,1,80.0,0.99911815,75.3004
6471,2019,1,10.0,0.99520326,18.900116
6472,2019,0,0.0,0.9112442,6.6274333
6473,2019,1,16.0,0.9977725,18.142733
6501,2019,1,50.0,0.99862957,31.460257
6503,2019,1,26.0,0.9967374,26.715384
6504,2019,1,40.0,0.99917704,49.758408
6505,2019,1,30.0,0.97363776,40.64943
6506,2019,1,26.0,0.9989372,30.385164
6508,2019,1,25.0,0.99787605,48.879044
6594,2019,1,60.0,0.9986602,62.087532
6645,2019,1,42.0,0.9982273,54.71736
6674,2019,1,35.0,0.99932504,39.022533
6701,2019,1,40.0,0.9988966,40.92126
6702,2019,1,100.0,0.99847,45.87023
6703,2019,1,50.0,0.9975865,38.878887
6723,2019,0,0.0,0.14048864,6.348105
6724,2019,1,31.0,0.9965603,20.720192
6752,2019,1,15.0,0.9867491,15.380722
6753,2019,1,18.0,0.9925453,17.359211
6758,2019,1,25.0,0.9954431,27.719152
6762,2019,1,90.0,0.9989889,72.37573
6770,2019,1,10.0,0.9986596,20.990463
6841,2019,1,17.0,0.9984848,17.631142
6857,2019,1,41.0,0.9948639,42.301292
6861,2019,1,100.0,0.99607074,53.608723
6902,2019,1,70.0,0.99907446,61.896435
6920,2019,1,27.0,0.9903274,48.56009
6952,2019,1,22.5,0.99619484,25.24919
6954,2019,1,174.65,0.9953915,305.38678
6971,2019,1,80.0,0.9985121,57.40065
6976,2019,1,15.0,0.9984492,28.3677
6981,2019,1,50.0,0.9911178,92.24689
6988,2019,1,100.0,0.996609,70.08392
7003,2019,0,0.0,0.017462436,19.951632
7004,2019,1,12.0,0.9533786,13.004314
7011,2019,1,75.0,0.9987307,54.646523
7012,2019,1,35.0,0.99954647,38.30228
7013,2019,1,20.0,0.9805478,34.92651
7186,2019,1,8.0,0.98991185,8.868964
7201,2019,0,0.0,0.9508788,15.327651
7202,2019,1,19.0,0.9964451,17.614994
7203,2019,1,120.0,0.9973573,107.27025
7205,2019,1,7.0,0.99782723,14.1190605
7211,2019,0,0.0,0.99032134,9.38907
7261,2019,1,20.0,0.98267305,16.757292
7267,2019,1,28.0,0.99595886,27.747828
7269,2019,1,48.0,0.996619,47.602577
7270,2019,1,28.0,0.9985765,43.26234
7272,2019,1,60.0,0.999283,37.661797
7731,2019,1,10.0,0.9900607,23.981287
7733,2019,1,10.0,0.92166716,17.46309
7735,2019,1,30.0,0.99846125,52.271713
7741,2019,0,0.0,0.9979861,49.78511
7751,2019,1,40.0,0.9974649,54.96761
7752,2019,1,13.0,0.99270016,16.316301
7762,2019,0,0.0,0.995333,10.253073
7832,2019,1,112.0,0.99900913,113.42496
7911,2019,1,40.0,0.9971892,23.048452
7912,2019,1,32.0,0.99673307,32.45295
7951,2019,1,33.0,0.9969543,31.39417
7974,2019,1,820.0,0.9985336,440.64212
8001,2019,1,42.5,0.9976484,37.741455
8002,2019,1,17.5,0.98253644,16.582596
8015,2019,1,50.0,0.9990551,45.31054
8031,2019,1,40.0,0.99681026,40.389854
8035,2019,1,342.0,0.99813557,260.8273
8053,2019,1,35.0,0.99848264,31.986269
8058,2019,1,68.0,0.99465406,36.416294
8233,2019,1,12.0,0.9909821,16.993647
8252,2019,1,22.0,0.9976216,25.32761
8253,2019,1,45.0,0.9975502,40.58879
8267,2019,1,18.0,0.99805945,20.312922
8304,2019,1,39.0,0.99563545,37.699894
8306,2019,1,12.5,0.9934809,10.944961
8308,2019,1,10.5,0.991456,11.062826
8309,2019,1,75.0,0.9962908,58.934063
8316,2019,1,100.0,0.994703,67.08851
8331,2019,1,10.0,0.9945715,8.757545
8354,2019,1,42.5,0.99166286,32.910057
8411,2019,1,3.75,0.9639528,5.5611005
8601,2019,1,9.0,0.99194056,11.807855
8604,2019,1,5.0,0.87323326,9.659332
8628,2019,1,22.5,0.99695814,27.09171
8630,2019,1,75.0,0.99915266,69.34833
8697,2019,1,30.0,0.99804616,40.87584
8725,2019,1,75.0,0.9992341,65.69284
8750,2019,1,62.0,0.9964701,51.675022
8766,2019,1,95.0,0.9990139,75.79451
8795,2019,1,22.0,0.994699,26.995142
8801,2019,1,22.0,0.99846435,32.082348
8802,2019,1,18.0,0.9991442,17.658836
8804,2019,1,24.0,0.99910104,24.821287
8830,2019,1,19.0,0.99921715,16.386545
9001,2019,1,20.0,0.9979843,29.911861
9005,2019,1,11.0,0.9985733,12.966969
9007,2019,1,10.0,0.9930354,11.769683
9008,2019,1,27.5,0.99854445,26.594513
9009,2019,1,8.5,0.99889946,14.471939
9020,2019,1,82.5,0.9988003,72.52763
9021,2019,1,87.5,0.99939764,83.0102
9022,2019,1,75.0,0.9981504,66.16949
9064,2019,1,26.0,0.9858683,14.852816
9101,2019,1,20.0,0.9110453,18.95459
9104,2019,1,35.0,0.97060513,31.410192
9107,2019,0,0.0,0.08855271,33.872547
9201,2019,0,0.0,0.99836665,67.43562
9202,2019,0,0.0,0.9997644,56.084045
9301,2019,1,30.0,0.99908984,24.631752
9412,2019,1,9.0,0.96162117,8.901278
9432,2019,1,47.5,0.99553114,77.198845
9433,2019,1,60.0,0.997985,52.756363
9434,2019,1,42.5,0.9924541,21.569983
9501,2019,0,0.0,0.026865708,14.316329
9502,2019,1,25.0,0.9838944,23.307817
9503,2019,1,25.0,0.9723746,26.275686
9508,2019,1,15.0,0.9079149,17.22227
9531,2019,1,30.0,0.9985341,35.439983
9532,2019,1,25.0,0.9985678,28.26224
9602,2019,1,37.5,0.9980108,32.064983
9735,2019,1,85.0,0.9995363,85.05216
9766,2019,1,7.0,0.99838746,66.32228
9843,2019,1,54.0,0.9988858,62.297676
9983,2019,1,240.0,0.9992392,212.739
9984,2019,1,22.0,0.9929963,26.61504
1332,2020,1,5.5,0.8080056,5.3470993
1333,2020,1,40.0,0.9178374,40.969105
1605,2020,1,28.0,0.47588685,10.696454
1721,2020,1,45.0,0.99946576,40.017666
1801,2020,1,65.0,0.9689358,60.655384
1802,2020,1,16.0,0.8459646,14.737783
1803,2020,1,18.0,0.9583893,12.6471195
1808,2020,1,35.0,0.7583676,30.061167
1812,2020,1,29.0,0.95158887,23.023592
1925,2020,1,66.0,0.988074,57.56873
1928,2020,1,39.0,0.95293385,29.709425
1963,2020,1,12.0,0.7022395,12.092219
2002,2020,1,20.0,0.9976864,15.403655
2212,2020,1,22.0,0.98603475,19.189428
2267,2020,1,26.0,0.9805135,22.134655
2269,2020,1,85.0,0.98951143,70.46348
2282,2020,1,94.0,0.9984427,70.273445
2413,2020,1,12.0,0.8764311,15.668328
2432,2020,1,32.0,0.9561946,21.332693
2501,2020,1,42.0,0.6336981,27.524418
2502,2020,1,55.0,0.96882087,38.77347
2503,2020,1,32.5,0.98832536,27.342663
2531,2020,1,21.0,0.9977137,14.386907
2768,2020,1,5.0,0.6163663,5.4262767
2801,2020,1,24.0,0.9985697,28.879936
2802,2020,1,26.0,0.9919871,17.009682
2871,2020,1,28.0,0.9986658,26.015287
2914,2020,1,75.0,0.97601515,49.666714
3088,2020,1,35.0,0.9979013,36.247467
3092,2020,1,26.0,0.9089748,17.525488
3099,2020,1,6.0,0.6001211,6.929043
3101,2020,1,40.0,0.8547603,30.868603
3103,2020,0,0.0,0.0069808406,19.087658
3105,2020,1,15.0,0.26883486,9.586182
3231,2020,1,42.5,0.9836602,32.605114
3289,2020,1,8.0,0.74084336,8.2377405
3382,2020,1,51.0,0.9939911,47.681206
3401,2020,1,25.0,0.99461645,29.607172
3402,2020,1,4.5,0.8782374,8.048028
3405,2020,1,20.0,0.85113484,15.24707
3407,2020,1,17.0,0.98546576,14.374064
3436,2020,1,24.0,0.9934871,15.670466
3659,2020,1,5.0,0.84133375,9.120232
3861,2020,1,7.0,0.9758808,7.064633
3863,2020,1,30.0,0.4829474,27.730309
3865,2020,1,7.0,0.8294812,6.4498134
4004,2020,1,65.0,0.3027346,41.03668
4005,2020,1,9.0,0.20069681,7.228683
4021,2020,1,58.0,0.9871018,41.10076
4041,2020,1,70.0,0.9851842,36.092968
4042,2020,1,32.0,0.9842169,25.435461
4043,2020,1,35.0,0.9709892,44.058815
4061,2020,1,65.0,0.99804115,60.152336
4063,2020,1,140.0,0.9533069,106.06567
4151,2020,1,23.0,0.9724946,32.816444
4183,2020,1,50.0,0.99669206,42.57896
4188,2020,1,12.0,0.39666575,12.024262
4208,2020,1,45.0,0.9305973,52.74975
4272,2020,1,15.0,0.9799367,12.067774
4324,2020,1,67.0,0.85883886,27.686619
4385,2020,0,0.0,0.0877228,36.183407
4452,2020,1,72.0,0.9533887,67.74132
4502,2020,1,90.0,0.9395896,52.150833
4503,2020,1,21.0,0.96650976,22.433748
4506,2020,1,14.0,0.98078376,19.836142
4507,2020,1,55.0,0.9053455,53.0178
4519,2020,1,46.0,0.8187832,18.21137
4523,2020,1,80.0,0.97551686,70.1339
4543,2020,1,15.0,0.98865753,21.394436
4568,2020,1,13.5,0.9742606,29.610748
4578,2020,1,50.0,0.98688126,53.99143
4689,2020,1,5.56,0.987089,9.6250105
4704,2020,1,195.0,0.9442605,154.03067
4751,2020,1,11.0,0.96265507,38.99532
4755,2020,0,0.0,0.68953454,7.6180916
4901,2020,1,52.5,0.9966266,43.89034
4902,2020,1,15.0,0.008483166,6.0600805
4911,2020,1,30.0,0.74163103,22.734331
5019,2020,1,60.0,0.69039714,31.85581
5020,2020,1,11.0,0.43516713,6.421181
5101,2020,1,33.0,0.95557374,27.754614
5108,2020,1,85.0,0.9431138,37.37968
5201,2020,1,130.0,0.97580284,64.21407
5202,2020,0,0.0,0.005836382,22.47378
5214,2020,1,60.0,0.9861334,28.4403
5232,2020,1,60.0,0.85789484,37.968052
5233,2020,1,30.0,0.9804411,37.39666
5301,2020,1,15.0,0.9694238,11.819641
5332,2020,1,40.0,0.98475176,35.739346
5333,2020,1,20.0,0.9457852,22.534256
5401,2020,1,10.0,0.025921142,17.621145
5406,2020,1,10.0,0.024263384,9.266908
5411,2020,1,10.0,0.023103675,19.42879
5541,2020,1,20.0,0.76760805,15.393455
5631,2020,1,17.5,0.98747545,22.39524
5703,2020,1,65.0,0.7774762,26.294083
5706,2020,1,85.0,0.99108547,60.557327
5707,2020,1,50.0,0.03714329,33.08836
5711,2020,1,50.0,0.6193976,36.26552
5713,2020,1,99.0,0.9961857,44.55353
5714,2020,1,95.0,0.98954296,65.039764
5715,2020,1,50.0,0.92127997,38.736374
5801,2020,1,60.0,0.9743892,52.223267
5802,2020,1,16.0,0.9659105,19.354807
5803,2020,0,0.0,0.06803389,5.878592
5901,2020,1,36.0,0.7478151,6.7884593
6028,2020,0,0.0,0.99747497,62.45957
6098,2020,1,10.5,0.97466314,16.525614
6103,2020,1,20.0,0.99034727,64.60353
6113,2020,1,15.0,0.99045676,19.242598
6146,2020,1,561.0,0.94203246,254.6555
6178,2020,1,50.0,0.8972965,19.58278
6273,2020,1,300.0,0.084067,132.7732
6301,2020,1,37.0,0.9882671,43.440018
6302,2020,1,56.0,0.91523784,34.742867
6305,2020,1,10.0,0.9934487,39.475677
6326,2020,1,21.0,0.9896346,18.803505
6361,2020,1,113.0,0.9947866,38.338802
6366,2020,0,0.0,0.012339818,7.891178
6367,2020,1,80.0,0.9768225,71.62951
6471,2020,1,10.0,0.9656456,9.406279
6472,2020,0,0.0,0.0060895775,4.5654106
6473,2020,1,8.0,0.0942981,12.863078
6501,2020,1,55.0,0.98654723,36.09761
6503,2020,1,26.0,0.994965,24.835075
6504,2020,1,45.0,0.99676347,49.072212
6505,2020,1,30.0,0.8625949,45.472145
6506,2020,1,12.0,0.97859335,21.703331
6508,2020,1,28.0,0.9845055,21.72083
6594,2020,1,30.0,0.9683952,36.459248
6645,2020,1,42.0,0.85341835,42.070522
6674,2020,1,50.0,0.9974056,38.310883
6701,2020,1,50.0,0.9957377,42.886936
6702,2020,1,100.0,0.998552,81.97838
6703,2020,1,20.0,0.44023603,30.807201
6723,2020,0,0.0,0.06341997,7.220749
6724,2020,1,31.0,0.9230511,15.129489
6752,2020,1,10.0,0.89212483,13.207368
6753,2020,1,30.0,0.9015897,14.524064
6758,2020,1,30.0,0.9927033,29.667793
6762,2020,1,90.0,0.9881224,73.83193
6770,2020,1,10.0,0.915947,10.024097
6841,2020,1,17.0,0.9836338,17.240582
6857,2020,1,80.0,0.9908517,31.872625
6861,2020,1,100.0,0.875477,70.28323
6902,2020,1,70.0,0.98612887,44.96994
6920,2020,1,55.0,0.9003392,36.60323
6952,2020,1,22.5,0.9961194,21.4419
6954,2020,1,206.14,0.9600166,164.26648
6971,2020,1,80.0,0.99245465,77.98812
6976,2020,1,25.0,0.9954556,27.47007
6981,2020,1,60.0,0.93211293,42.873554
6988,2020,1,100.0,0.9883986,107.6353
7003,2020,0,0.0,0.0039866567,17.7949
7004,2020,1,12.0,0.9793012,11.072143
7011,2020,1,75.0,0.8571635,53.658974
7012,2020,0,0.0,0.9726397,32.69587
7013,2020,0,0.0,0.8044765,27.440836
7186,2020,1,9.0,0.9924274,10.932607
7201,2020,0,0.0,0.024349928,7.8036814
7202,2020,1,20.0,0.8604108,14.151602
7203,2020,1,135.0,0.99071676,118.71282
7205,2020,1,7.0,0.9772727,10.133484
7211,2020,0,0.0,0.007841812,5.5249515
7261,2020,0,0.0,0.19316266,12.825031
7267,2020,1,54.0,0.9704506,27.876698
7269,2020,1,53.0,0.9858143,48.226223
7270,2020,1,28.0,0.7864016,40.304665
7272,2020,1,65.0,0.9579462,34.49371
7731,2020,1,10.0,0.5046262,10.4295845
7733,2020,1,12.0,0.9686479,10.92672
7735,2020,1,90.0,0.99456453,52.73136
7741,2020,1,45.0,0.07560085,41.94866
7751,2020,1,55.0,0.9623624,33.766243
7752,2020,1,7.5,0.3781741,7.955699
7762,2020,1,2.5,0.0056598787,6.563406
7832,2020,1,91.0,0.9908279,107.56233
7911,2020,1,20.0,0.9637296,23.306984
7912,2020,1,32.0,0.89746153,23.74598
7951,2020,1,33.0,0.9878076,32.07445
7974,2020,1,1410.0,0.9907567,369.94482
8001,2020,1,44.0,0.9948283,42.240982
8002,2020,1,22.0,0.45276767,12.490097
8015,2020,1,62.0,0.9913844,48.536415
8031,2020,1,45.0,0.9886342,39.374805
8035,2020,1,421.0,0.98780525,242.28024
8053,2020,1,35.0,0.91424817,26.852125
8058,2020,1,67.0,0.98769844,38.613968
8233,2020,1,12.0,0.72318125,14.289385
8252,2020,1,26.0,0.9772759,22.05179
8253,2020,1,45.0,0.9295561,26.3086
8267,2020,1,18.0,0.9962767,22.522688
8304,2020,1,34.0,0.9461396,26.849483
8306,2020,1,12.5,0.9846806,11.835082
8308,2020,1,10.5,0.96699864,10.316666
8309,2020,1,75.0,0.9693192,52.702583
8316,2020,1,95.0,0.9740821,53.15476
8331,2020,1,11.0,0.9980981,10.16279
8354,2020,1,42.5,0.93902385,23.289633
8411,2020,1,37.5,0.9659752,11.133885
8601,2020,1,25.0,0.98138523,9.85584
8604,2020,1,15.0,0.98961884,6.689945
8628,2020,1,20.0,0.9954945,22.827116
8630,2020,1,90.0,0.99843043,69.23081
8697,2020,1,42.0,0.9938544,45.26668
8725,2020,1,80.0,0.9935818,58.99371
8750,2020,1,62.0,0.9715612,36.949524
8766,2020,1,100.0,0.997957,86.91671
8795,2020,1,24.0,0.9789594,28.584135
8801,2020,1,22.0,0.85286313,24.007208
8802,2020,1,19.0,0.99746597,19.2513
8804,2020,1,27.0,0.99127054,20.777971
8830,2020,1,21.0,0.9816207,18.155512
9001,2020,1,10.0,0.9921336,19.319881
9005,2020,1,5.0,0.9198093,11.385146
9007,2020,1,10.0,0.8143978,9.073607
9008,2020,1,20.0,0.9622217,32.25996
9009,2020,1,8.5,0.9955468,9.208279
9020,2020,1,50.0,0.9663128,74.46464
9021,2020,1,50.0,0.9212994,71.05657
9022,2020,1,65.0,0.85237795,62.829544
9064,2020,1,30.0,0.998934,20.016294
9101,2020,1,180.0,0.99725974,25.114315
9104,2020,1,135.0,0.9762058,36.007256
9107,2020,0,0.0,0.07893559,30.259548
9201,2020,0,0.0,0.04848404,27.898607
9202,2020,0,0.0,0.03816932,31.588196
9301,2020,1,30.0,0.99303234,27.496609
9412,2020,1,9.0,0.7980782,9.356857
9432,2020,1,55.0,0.96618974,48.045788
9433,2020,1,60.0,0.99178934,55.703777
9434,2020,1,43.0,0.9820435,20.948507
9501,2020,0,0.0,0.021877704,9.975823
9502,2020,1,25.0,0.87851506,29.968233
9503,2020,1,25.0,0.6246449,25.179508
9508,2020,1,17.5,0.66367716,18.846
9531,2020,1,30.0,0.98756474,34.87352
9532,2020,1,27.5,0.99338806,26.1708
9602,2020,1,17.5,0.9477124,31.041248
9735,2020,1,85.0,0.95217514,84.97534
9766,2020,1,50.5,0.9681664,59.571392
9843,2020,1,66.0,0.97081864,64.588326
9983,2020,1,240.0,0.9504485,214.47937
9984,2020,1,22.0,0.81175405,18.210646
1332,2021,1,8.0,0.99794084,7.9583983
1333,2021,1,55.0,0.9914443,41.245773
1605,2021,1,32.0,0.99344105,21.183014
1721,2021,1,50.0,0.9993655,45.180096
1801,2021,1,65.0,0.9959186,71.57689
1802,2021,1,16.0,0.98983747,19.47173
1803,2021,1,11.5,0.9709529,15.859744
1808,2021,1,45.0,0.98707354,31.23005
1812,2021,1,31.0,0.99708897,27.58201
1925,2021,1,71.0,0.9989164,62.778126
1928,2021,1,47.0,0.9955253,34.001846
1963,2021,1,15.0,0.9540906,17.655657
2002,2021,1,20.0,0.99954695,19.554867
2212,2021,1,22.0,0.98924285,20.113743
2267,2021,1,36.0,0.997743,26.075495
2269,2021,1,90.0,0.9992242,77.51382
2282,2021,1,102.0,0.9996253,86.10921
2413,2021,1,16.0,0.96539813,13.242731
2432,2021,1,39.0,0.9887883,34.32256
2501,2021,1,42.0,0.9957514,46.504803
2502,2021,1,58.0,0.9958675,60.138134
2503,2021,1,36.5,0.9947429,28.309538
2531,2021,1,37.0,0.99009484,17.30316
2768,2021,1,61.0,0.9909894,18.16764
2801,2021,1,39.0,0.9994855,31.207172
2802,2021,1,28.0,0.99742377,34.12459
2871,2021,1,25.0,0.99969804,31.62264
2914,2021,1,113.0,0.997591,56.331135
3088,2021,1,35.0,0.99619114,34.334003
3092,2021,1,36.0,0.9897222,25.826382
3099,2021,1,5.0,0.91157913,9.076276
3101,2021,1,40.0,0.9943808,32.54335
3103,2021,0,0.0,0.01676468,23.86104
3105,2021,1,17.0,0.99611783,16.55259
3231,2021,1,55.0,0.99762565,36.644253
3289,2021,1,9.0,0.9856695,9.7825
3382,2021,1,52.0,0.9981212,62.875732
3401,2021,1,27.5,0.7795619,28.767456
3402,2021,1,8.0,0.9954177,18.681152
3405,2021,1,23.0,0.9947036,19.104902
3407,2021,1,17.0,0.9965592,19.379656
3436,2021,1,45.0,0.9918584,21.938671
3659,2021,1,5.0,0.9647787,9.511037
3861,2021,1,7.0,0.9839489,9.1147
3863,2021,1,30.0,0.92212176,34.87778
3865,2021,1,17.0,0.98651904,12.314556
4004,2021,1,65.0,0.9720908,33.033066
4005,2021,1,14.0,0.9741582,10.277836
4021,2021,1,72.0,0.99829584,46.62182
4041,2021,1,125.0,0.99448365,59.793095
4042,2021,1,50.0,0.9977835,27.500862
4043,2021,1,35.0,0.9840837,36.29846
4061,2021,1,75.0,0.9987729,65.98532
4063,2021,1,250.0,0.9924474,120.91618
4151,2021,1,27.0,0.9881579,36.189827
4183,2021,1,65.0,0.99753916,53.611507
4188,2021,1,15.0,0.95183766,21.591284
4208,2021,1,50.0,0.99400854,61.359703
4272,2021,1,25.0,0.9987728,15.047674
4324,2021,1,85.0,0.9884139,51.441196
4385,2021,0,0.0,0.12999308,27.708595
4452,2021,1,74.0,0.9931433,72.06106
4502,2021,1,90.0,0.9901922,57.35756
4503,2021,1,25.0,0.9931564,33.426888
4506,2021,1,14.0,0.9661156,15.94674
4507,2021,1,60.0,0.99419576,57.01521
4519,2021,1,40.0,0.968474,33.89433
4523,2021,1,80.0,0.9956033,63.06574
4543,2021,1,18.0,0.9957848,15.7921
4568,2021,1,13.5,0.9874796,20.014847
4578,2021,1,50.0,0.9974038,54.89336
4689,2021,1,5.81,0.9898065,9.311518
4704,2021,1,151.0,0.98913574,139.46002
4751,2021,1,14.0,0.9788392,34.89728
4755,2021,1,4.5,0.11896008,7.4285393
4901,2021,1,55.0,0.99900013,72.083496
4902,2021,1,15.0,0.4985808,10.549998
4911,2021,1,75.0,0.99556583,25.6971
5019,2021,1,110.0,0.98624706,55.06973
5020,2021,1,11.0,0.9731635,12.211316
5101,2021,1,33.0,0.9983645,39.840466
5108,2021,1,90.0,0.9972179,87.51516
5201,2021,1,105.0,0.99749374,95.52222
5202,2021,0,0.0,0.09961611,27.071556
5214,2021,1,60.0,0.99843305,54.413906
5232,2021,1,60.0,0.98571265,75.11514
5233,2021,1,35.0,0.99722505,42.835392
5301,2021,1,15.0,0.99080336,18.481857
5332,2021,1,50.0,0.99824595,38.40135
5333,2021,1,33.0,0.99879164,21.61215
5401,2021,1,90.0,0.8096503,18.905525
5406,2021,1,30.0,0.9045336,18.097334
5411,2021,1,80.0,0.7062464,18.403753
5541,2021,1,155.0,0.93737215,19.751638
5631,2021,1,34.5,0.99865913,34.908424
5703,2021,1,45.0,0.980292,44.648914
5706,2021,1,110.0,0.9981627,80.046486
5707,2021,1,75.0,0.8387185,50.96647
5711,2021,1,50.0,0.9973603,53.998013
5713,2021,1,188.0,0.99938595,55.26798
5714,2021,1,130.0,0.9992488,74.928566
5715,2021,1,50.0,0.9953679,42.33957
5801,2021,1,60.0,0.82600904,51.937256
5802,2021,1,25.0,0.9988587,24.261185
5803,2021,1,10.0,0.23491037,8.448618
5901,2021,1,65.0,0.9952201,13.253809
6028,2021,1,52.0,0.50516003,33.1148
6098,2021,1,10.5,0.98850274,20.207975
6103,2021,1,55.0,0.9923537,29.495901
6113,2021,1,21.0,0.99832004,17.67363
6146,2021,1,609.0,0.9877872,348.05246
6178,2021,1,50.0,0.98137945,35.734413
6273,2021,1,450.0,0.97068274,171.48192
6301,2021,1,56.0,0.99638945,51.307323
6302,2021,1,80.0,0.9970391,44.35156
6305,2021,1,65.0,0.994827,27.62025
6326,2021,1,22.0,0.9992219,23.32095
6361,2021,1,108.0,0.999514,64.00038
6366,2021,0,0.0,0.1963893,6.7030067
6367,2021,1,110.0,0.9929355,73.196884
6471,2021,1,15.0,0.9809411,13.869728
6472,2021,0,0.0,0.013877383,6.1706314
6473,2021,1,10.0,0.9600562,12.488573
6501,2021,1,65.0,0.9982101,72.2246
6503,2021,1,26.0,0.9989793,28.264578
6504,2021,1,55.0,0.99626595,54.808273
6505,2021,1,30.0,0.9959888,29.413235
6506,2021,1,26.0,0.99847764,22.815985
6508,2021,1,25.0,0.99756193,39.812656
6594,2021,1,35.0,0.99186605,34.861984
6645,2021,1,46.0,0.9953367,60.062706
6674,2021,1,35.0,0.9991973,44.14938
6701,2021,1,50.0,0.9970799,48.602444
6702,2021,1,110.0,0.9995747,88.653786
6703,2021,1,30.0,0.93503106,28.32349
6723,2021,0,0.0,0.21532948,10.440702
6724,2021,1,31.0,0.99690104,25.96129
6752,2021,1,15.0,0.9945174,21.951471
6753,2021,1,40.0,0.89156127,20.014036
6758,2021,1,35.0,0.99634117,34.327694
6762,2021,1,45.0,0.99092543,55.463886
6770,2021,1,10.0,0.9676432,12.341137
6841,2021,1,17.0,0.99846137,18.138935
6857,2021,1,70.0,0.9956742,52.123356
6861,2021,1,100.0,0.9893259,95.772224
6902,2021,1,85.0,0.9959059,55.95047
6920,2021,1,65.0,0.9816134,56.193466
6952,2021,1,22.5,0.99630547,17.877111
6954,2021,1,239.68,0.99662626,218.15956
6971,2021,1,90.0,0.9989718,73.82993
6976,2021,1,40.0,0.9966845,28.799225
6981,2021,1,70.0,0.99556136,74.43093
6988,2021,1,110.0,0.9958281,92.24684
7003,2021,0,0.0,0.036944322,23.393719
7004,2021,1,12.0,0.99595475,8.83889
7011,2021,1,55.0,0.9144023,53.266533
7012,2021,1,20.0,0.09599516,26.308977
7013,2021,1,40.0,0.17534538,27.690907
7186,2021,1,10.0,0.98748696,11.220457
7201,2021,1,5.0,0.11442612,12.282001
7202,2021,1,37.0,0.99855083,22.848452
7203,2021,1,28.0,0.9961765,89.83296
7205,2021,0,0.0,0.991418,8.432767
7211,2021,0,0.0,0.14071411,7.0729146
7261,2021,1,20.0,0.46838924,14.631075
7267,2021,1,65.0,0.99281764,49.894554
7269,2021,1,46.0,0.99523926,52.84605
7270,2021,1,28.0,0.99657106,22.9487
7272,2021,1,67.5,0.99578357,61.9796
7731,2021,1,20.0,0.97348547,16.140707
7733,2021,1,14.0,0.9826764,18.446615
7735,2021,1,293.0,0.99459803,60.02594
7741,2021,1,65.0,0.9848283,48.98222
7751,2021,1,60.0,0.9971981,52.557026
7752,2021,1,13.0,0.96740985,14.786329
7762,2021,1,9.0,0.8262051,4.5857263
7832,2021,1,188.0,0.9974663,92.06605
7911,2021,1,24.0,0.94503087,35.722347
7912,2021,1,32.0,0.9951958,38.635387
7951,2021,1,33.0,0.9981962,38.09587
7974,2021,1,1410.0,0.98869157,469.40207
8001,2021,1,63.0,0.99675316,30.28114
8002,2021,1,36.5,0.99251056,23.118912
8015,2021,1,90.0,0.99869114,61.139458
8031,2021,1,60.0,0.9944323,35.928654
8035,2021,1,760.0,0.9971065,315.63873
8053,2021,1,65.0,0.984568,37.557693
8058,2021,1,79.0,0.9916604,49.11467
8233,2021,1,12.0,0.85791165,12.701889
8252,2021,1,26.0,0.9957658,25.889608
8253,2021,1,55.0,0.9943481,33.544003
8267,2021,1,18.0,0.93434465,22.803406
8304,2021,1,45.0,0.9917154,38.285145
8306,2021,1,14.5,0.98782384,11.329069
8308,2021,1,10.5,0.98156345,12.574605
8309,2021,1,90.0,0.9927811,61.786045
8316,2021,1,105.0,0.9875601,90.20887
8331,2021,1,13.0,0.9920156,11.431062
8354,2021,1,47.5,0.9875886,45.14537
8411,2021,1,40.0,0.99560744,21.919254
8601,2021,1,16.0,0.9918869,18.118664
8604,2021,1,14.0,0.99073255,9.381471
8628,2021,1,20.0,0.99631625,23.362217
8630,2021,1,105.0,0.99919695,87.81102
8697,2021,1,46.0,0.9983059,33.899952
8725,2021,1,97.5,0.9989023,81.64991
8750,2021,1,83.0,0.99165666,71.952446
8766,2021,1,135.0,0.99819356,87.49769
8795,2021,1,28.0,0.98268384,26.59675
8801,2021,1,33.0,0.9983234,27.407913
8802,2021,1,20.0,0.9987036,19.484453
8804,2021,1,36.0,0.9983479,26.149094
8830,2021,1,23.0,0.99731845,20.232058
9001,2021,1,10.0,0.95773375,16.400082
9005,2021,1,7.5,0.95503986,9.368326
9007,2021,1,10.0,0.7915457,11.202397
9008,2021,1,20.0,0.86642444,25.44693
9009,2021,1,8.5,0.9586068,10.889791
9020,2021,1,50.0,0.9432376,52.953598
9021,2021,1,50.0,0.828903,45.802284
9022,2021,1,65.0,0.96484184,57.071587
9064,2021,1,23.0,0.9993399,33.364353
9101,2021,1,1250.0,0.99260896,34.907776
9104,2021,1,900.0,0.9916413,56.993744
9107,2021,1,600.0,0.2966398,46.137432
9201,2021,0,0.0,0.49969047,15.976771
9202,2021,0,0.0,0.05416044,14.567102
9301,2021,1,41.0,0.9970284,28.540134
9412,2021,1,9.0,0.98883015,9.304388
9432,2021,1,60.0,0.9966605,54.381573
9433,2021,1,65.0,0.99820864,64.50204
9434,2021,1,43.0,0.9895153,30.17746
9501,2021,0,0.0,0.09434449,9.992898
9502,2021,1,25.0,0.98962563,23.70542
9503,2021,1,25.0,0.94849837,25.06103
9508,2021,1,20.0,0.8579664,21.568905
9531,2021,1,35.0,0.992038,35.841583
9532,2021,1,30.0,0.9986964,39.874832
9602,2021,1,27.5,0.9873768,23.263702
9735,2021,1,90.0,0.99814045,98.56213
9766,2021,1,87.0,0.98671395,43.041164
9843,2021,1,70.0,0.99178666,52.818108
9983,2021,1,340.0,0.99337006,300.29886
9984,2021,1,22.0,0.97492266,29.177406
1332,2022,1,10.0,0.9994135,10.067189
1333,2022,1,65.0,0.9985671,56.1987
1605,2022,1,37.0,0.9933606,43.151176
1721,2022,1,50.0,0.9993724,44.755253
1801,2022,1,65.0,0.9958746,60.180218
1802,2022,1,21.0,0.9886262,18.56189
1803,2022,1,10.5,0.9956423,11.657217
1808,2022,1,40.0,0.99753124,39.252144
1812,2022,1,41.0,0.99815196,30.94267
1925,2022,1,70.0,0.9985991,68.93473
1928,2022,1,58.0,0.9988199,37.96428
1963,2022,1,38.0,0.9928307,25.065287
2002,2022,1,21.0,0.9995314,19.168274
2212,2022,1,25.0,0.9977017,19.336273
2267,2022,1,45.0,0.9947417,33.91189
2269,2022,1,95.0,0.99842715,82.04658
2282,2022,1,110.0,0.99895453,84.60198
2413,2022,1,19.0,0.9822681,15.233429
2432,2022,1,20.0,0.9951138,31.407835
2501,2022,1,47.0,0.9904937,40.336967
2502,2022,1,65.0,0.99937797,46.36538
2503,2022,1,36.5,0.99916136,31.702618
2531,2022,1,38.0,0.9959429,18.639313
2768,2022,1,65.0,0.99932134,49.864895
2801,2022,1,48.0,0.99734926,32.74573
2802,2022,1,37.0,0.9973327,33.557415
2871,2022,1,26.0,0.9996933,28.57202
2914,2022,1,100.0,0.9976672,88.73967
3088,2022,1,45.0,0.9977483,41.838326
3092,2022,1,41.0,0.97928977,26.596348
3099,2022,1,8.0,0.99238104,9.924664
3101,2022,1,40.0,0.9919951,35.70282
3103,2022,0,0.0,0.030512763,23.72289
3105,2022,1,18.0,0.99616784,15.01038
3231,2022,1,65.0,0.9987797,48.590252
3289,2022,1,14.5,0.99904794,11.367919
3382,2022,1,63.5,0.9993843,50.760517
3401,2022,1,12.5,0.9959176,33.496292
3402,2022,1,9.0,0.9965173,10.823358
3405,2022,1,25.0,0.9947955,26.478348
3407,2022,1,18.0,0.9971722,17.290955
3436,2022,1,13.0,0.9921153,27.450731
3659,2022,1,5.0,0.9865411,12.156839
3861,2022,1,8.0,0.98604506,8.560554
3863,2022,0,0.0,0.9232353,29.641079
3865,2022,1,9.0,0.99857295,16.042236
4004,2022,1,65.0,0.9965663,44.053284
4005,2022,1,6.0,0.99325305,12.408414
4021,2022,1,94.0,0.99613744,60.19892
4041,2022,1,150.0,0.99776375,77.80983
4042,2022,1,40.0,0.9960014,38.03048
4043,2022,1,35.0,0.9968418,41.415737
4061,2022,1,30.0,0.9985709,73.7934
4063,2022,1,275.0,0.9929959,99.681335
4151,2022,1,29.0,0.9953507,36.235474
4183,2022,1,60.0,0.9982193,60.67894
4188,2022,1,15.0,0.9814392,16.176287
4208,2022,1,45.0,0.99873275,61.622166
4272,2022,1,25.0,0.9986633,18.99613
4324,2022,1,61.0,0.99007213,54.839977
4385,2022,0,0.0,0.010313619,18.999037
4452,2022,1,75.0,0.9958259,58.870853
4502,2022,1,90.0,0.99218726,81.31305
4503,2022,1,30.0,0.9944127,24.37071
4506,2022,1,7.0,0.9927059,16.283247
4507,2022,1,75.0,0.9925223,76.27604
4519,2022,1,40.0,0.9862877,48.142086
4523,2022,1,80.0,0.9931257,68.486786
4543,2022,1,21.0,0.9913189,22.133535
4568,2022,1,15.0,0.9918379,17.123655
4578,2022,1,60.0,0.99725276,62.530296
4689,2022,1,5.56,0.9855032,8.064539
4704,2022,1,738.0,0.99312615,116.87859
4751,2022,1,15.0,0.9970855,15.662905
4755,2022,0,0.0,0.35515282,4.947369
4901,2022,1,70.0,0.99892104,65.29075
4902,2022,0,0.0,0.65515304,11.235465
4911,2022,1,30.0,0.99685895,28.732912
5019,2022,1,60.0,0.9955284,66.05694
5020,2022,1,11.0,0.9895085,12.249611
5101,2022,1,50.0,0.99774534,33.466316
5108,2022,1,100.0,0.9991605,77.1366
5201,2022,1,105.0,0.9872514,64.11122
5202,2022,0,0.0,0.059135232,23.439556
5214,2022,1,60.0,0.9993243,48.034378
5232,2022,1,60.0,0.98982656,68.783066
5233,2022,1,35.0,0.9990108,47.78076
5301,2022,1,18.0,0.99707687,18.685535
5332,2022,1,50.0,0.99923754,45.944202
5333,2022,1,33.0,0.9982054,24.144451
5401,2022,1,90.0,0.9922472,52.5233
5406,2022,1,25.0,0.9951186,15.155567
5411,2022,1,30.0,0.9966569,42.40036
5541,2022,0,0.0,0.9485146,29.539572
5631,2022,1,29.0,0.9966966,33.11916
5703,2022,1,10.0,0.9932243,48.644314
5706,2022,1,140.0,0.9987532,81.17724
5707,2022,1,75.0,0.975316,73.93205
5711,2022,1,25.0,0.99702436,54.85441
5713,2022,1,115.0,0.9922575,85.713844
5714,2022,1,130.0,0.99753463,86.61401
5715,2022,1,50.0,0.9930501,37.8725
5801,2022,1,80.0,0.9967025,64.69115
5802,2022,1,25.0,0.99903023,25.334854
5803,2022,1,17.0,0.99269944,13.672179
5901,2022,1,45.0,0.99657226,30.383234
6028,2022,1,50.0,0.9763956,31.65963
6098,2022,1,11.0,0.9845687,21.358553
6103,2022,1,90.0,0.9969439,83.551056
6113,2022,1,26.0,0.99562424,18.87563
6146,2022,1,634.0,0.9731708,286.98517
6178,2022,1,50.0,0.99337465,39.981773
6273,2022,1,450.0,0.9732606,151.4672
6301,2022,1,75.0,0.997521,62.72195
6302,2022,1,60.0,0.99566334,47.53812
6305,2022,1,60.0,0.9980568,63.450924
6326,2022,1,24.0,0.99656457,27.482569
6361,2022,1,131.5,0.99668854,62.82361
6366,2022,0,0.0,0.11455942,10.6029415
6367,2022,1,140.0,0.99574536,80.331535
6471,2022,1,15.0,0.9982482,12.328884
6472,2022,1,2.5,0.05868133,5.1134815
6473,2022,1,19.0,0.99717796,15.784411
6501,2022,1,75.0,0.9975757,59.489162
6503,2022,1,26.0,0.99859995,25.709133
6504,2022,1,60.0,0.99803597,57.38002
6505,2022,1,30.0,0.96894526,26.861132
6506,2022,1,32.0,0.9924784,28.611784
6508,2022,1,22.0,0.99140596,35.58934
6594,2022,1,35.0,0.99073493,36.127792
6645,2022,1,49.0,0.9925061,63.548973
6674,2022,1,35.0,0.9990227,42.41213
6701,2022,1,55.0,0.9967264,49.24619
6702,2022,1,120.0,0.99926656,86.356415
6703,2022,1,20.0,0.9563712,30.961205
6723,2022,1,28.0,0.2385057,20.755636
6724,2022,1,41.0,0.9854254,32.505062
6752,2022,1,15.0,0.9961898,20.341204
6753,2022,0,0.0,0.9674422,18.768229
6758,2022,1,40.0,0.9947613,31.74171
6762,2022,1,53.0,0.9964155,53.1972
6770,2022,1,20.0,0.9977755,15.198425
6841,2022,1,17.0,0.99384356,19.065481
6857,2022,1,70.0,0.98265576,63.92966
6861,2022,1,150.0,0.9854012,101.414894
6902,2022,1,95.0,0.9980142,59.192917
6920,2022,1,128.0,0.9838701,73.707
6952,2022,1,22.5,0.99885404,20.663954
6954,2022,1,271.64,0.9976897,289.64774
6971,2022,1,100.0,0.9994764,81.803085
6976,2022,1,45.0,0.9910711,33.297333
6981,2022,1,75.0,0.9966941,83.24054
6988,2022,1,120.0,0.99590296,114.03697
7003,2022,1,3.0,0.09089039,30.57356
7004,2022,1,18.0,0.9965749,10.494669
7011,2022,1,70.0,0.997776,59.184364
7012,2022,1,60.0,0.9944301,37.686886
7013,2022,1,50.0,0.99791676,55.688232
7186,2022,1,9.5,0.998635,13.985402
7201,2022,1,10.0,0.9068593,6.942465
7202,2022,1,43.0,0.9980216,23.993101
7203,2022,1,35.0,0.9983841,23.397873
7205,2022,0,0.0,0.20981087,6.3128176
7211,2022,1,5.0,0.09090371,8.133464
7261,2022,1,25.0,0.9767935,17.319218
7267,2022,1,60.0,0.9962643,50.629524
7269,2022,1,50.0,0.99579096,48.66219
7270,2022,1,38.0,0.9964174,27.547752
7272,2022,1,72.5,0.9960133,66.3208
7731,2022,1,25.0,0.9935261,19.638111
7733,2022,1,16.0,0.9924999,16.303644
7735,2022,1,365.0,0.995227,99.74059
7741,2022,1,65.0,0.9827276,60.70012
7751,2022,1,70.0,0.9990181,71.7485
7752,2022,1,17.0,0.9947383,14.914775
7762,2022,1,19.0,0.978631,12.255124
7832,2022,1,179.0,0.9974916,104.66191
7911,2022,1,24.0,0.9939628,28.121422
7912,2022,1,32.0,0.99617887,45.92039
7951,2022,1,33.0,0.99654716,44.128654
7974,2022,1,123.0,0.9981305,195.23888
8001,2022,1,75.0,0.99921,56.633106
8002,2022,1,40.5,0.9985227,31.904861
8015,2022,1,106.0,0.99865144,65.15285
8031,2022,1,75.0,0.99755317,65.517685
8035,2022,1,854.0,0.99401516,390.26016
8053,2022,1,57.5,0.99845254,48.42744
8058,2022,1,103.0,0.998747,53.4825
8233,2022,1,14.0,0.99131435,23.909418
8252,2022,1,30.0,0.9978516,29.621048
8253,2022,1,70.0,0.9980106,48.91727
8267,2022,1,18.0,0.9942517,20.78006
8304,2022,1,40.0,0.9981597,44.700607
8306,2022,1,16.0,0.99848676,10.003696
8308,2022,1,10.5,0.99816304,15.338056
8309,2022,1,110.0,0.9989716,85.61306
8316,2022,1,125.0,0.9980585,93.61127
8331,2022,1,15.0,0.997889,20.636059
8354,2022,1,52.5,0.9989058,54.018078
8411,2022,1,42.5,0.989096,19.793537
8601,2022,1,12.0,0.9956281,18.18089
8604,2022,1,12.0,0.9979038,15.879436
8628,2022,1,20.0,0.99759907,20.748447
8630,2022,1,130.0,0.99900997,92.15387
8697,2022,1,37.0,0.9978421,39.7893
8725,2022,1,100.0,0.9986395,93.859406
8750,2022,1,86.0,0.9984681,69.38292
8766,2022,1,50.0,0.99769396,49.144337
8795,2022,1,31.0,0.991172,29.86762
8801,2022,1,32.0,0.9983627,35.242645
8802,2022,1,19.0,0.99955577,32.896893
8804,2022,1,37.0,0.9988747,29.748224
8830,2022,1,28.0,0.9986547,22.856045
9001,2022,1,15.0,0.9953537,17.941586
9005,2022,1,7.5,0.9952981,12.680746
9007,2022,1,21.0,0.9503332,7.7743406
9008,2022,1,20.0,0.9861069,27.998297
9009,2022,1,11.5,0.989714,10.362626
9020,2022,1,50.0,0.9510513,52.50453
9021,2022,1,75.0,0.92862296,49.425545
9022,2022,1,70.0,0.98722667,72.53412
9064,2022,1,23.0,0.99757546,28.784933
9101,2022,1,170.0,0.9902806,67.34858
9104,2022,1,260.0,0.9778576,71.017586
9107,2022,1,300.0,0.94398504,91.999245
9201,2022,1,25.0,0.022568975,16.089325
9202,2022,0,0.0,0.076816946,14.424794
9301,2022,1,49.0,0.99830174,39.123196
9412,2022,1,11.0,0.98633635,11.87304
9432,2022,1,60.0,0.99817383,64.700325
9433,2022,1,70.0,0.99880993,68.38669
9434,2022,1,43.0,0.9932186,44.30284
9501,2022,0,0.0,0.019961575,15.317015
9502,2022,1,25.0,0.8992241,22.337158
9503,2022,1,25.0,0.9820807,26.566534
9508,2022,0,0.0,0.8977858,17.088892
9531,2022,1,32.5,0.9973821,38.59074
9532,2022,1,30.0,0.99805224,35.609524
9602,2022,1,40.0,0.9946408,43.660213
9735,2022,1,95.0,0.99845636,106.45304
9766,2022,1,62.0,0.9936187,73.98967
9843,2022,1,73.0,0.99615115,99.35066
9983,2022,1,165.0,0.996999,343.56912
9984,2022,1,22.0,0.92864054,26.641323
1332,2023,1,14.0,0.9989654,13.052225
1333,2023,1,50.0,0.9933289,71.77019
1605,2023,1,43.0,0.99721414,47.542484
1721,2023,1,55.0,0.9992754,45.7177
1801,2023,1,65.0,0.9966659,72.178696
1802,2023,1,54.0,0.9986059,26.738707
1803,2023,1,6.5,0.9963652,15.505195
1808,2023,1,45.0,0.9986492,39.77943
1812,2023,1,55.0,0.9978331,38.838196
1925,2023,1,80.0,0.99765116,79.28317
1928,2023,1,64.0,0.9994649,56.90648
1963,2023,1,40.0,0.997795,24.75582
2002,2023,1,24.0,0.98551,23.08726
2212,2023,1,45.0,0.9991549,40.164745
2267,2023,1,28.0,0.9785098,29.599833
2269,2023,1,47.5,0.9971016,46.243744
2282,2023,1,119.0,0.99489343,84.16228
2413,2023,1,21.0,0.983053,13.84025
2432,2023,1,20.0,0.9410764,18.698664
2501,2023,1,52.0,0.99778086,62.53493
2502,2023,1,27.0,0.9984262,72.89525
2503,2023,1,35.5,0.99907875,37.68315
2531,2023,1,29.0,0.99376005,26.946667
2768,2023,1,70.0,0.9985399,70.71752
2801,2023,1,70.0,0.9985998,52.12675
2802,2023,1,37.0,0.99830616,49.016792
2871,2023,1,37.0,0.9996183,52.73212
2914,2023,1,97.0,0.9984124,88.690865
3088,2023,1,20.0,0.9928712,36.129936
3092,2023,1,55.0,0.94921803,49.79548
3099,2023,1,22.0,0.99934655,15.201333
3101,2023,1,40.0,0.87117976,31.218447
3103,2023,0,0.0,0.010400498,12.51343
3105,2023,1,18.0,0.9727146,17.90779
3231,2023,1,75.0,0.9976947,56.717014
3289,2023,1,17.0,0.9983399,12.042384
3382,2023,1,56.5,0.99829537,69.685585
3401,2023,1,15.0,0.94801056,20.9524
3402,2023,1,9.0,0.9973507,10.022962
3405,2023,1,27.0,0.9975241,28.706179
3407,2023,1,18.0,0.9916021,21.085169
3436,2023,1,6.0,0.98855376,34.10923
3659,2023,1,15.0,0.9878563,11.013509
3861,2023,1,8.0,0.9947471,6.7647605
3863,2023,1,10.0,0.30614972,26.427465
3865,2023,1,9.0,0.9948874,15.010093
4004,2023,1,65.0,0.94662946,44.51748
4005,2023,1,3.0,0.38259068,10.033547
4021,2023,1,94.0,0.99810624,64.05111
4041,2023,1,120.0,0.9979982,103.97516
4042,2023,1,45.0,0.9939131,30.38539
4043,2023,1,45.0,0.9873799,36.33146
4061,2023,1,40.0,0.99710065,43.319256
4063,2023,1,50.0,0.9798083,60.940453
4151,2023,1,29.0,0.9885371,31.125536
4183,2023,1,70.0,0.99132955,74.40047
4188,2023,1,16.0,0.9916208,16.417385
4208,2023,1,55.0,0.9861055,42.268177
4272,2023,1,22.5,0.9985784,21.940252
4324,2023,1,69.75,0.9888997,58.84051
4385,2023,0,0.0,0.15320241,31.837908
4452,2023,1,76.0,0.99631566,63.480125
4502,2023,1,94.0,0.99831057,93.08324
4503,2023,1,35.0,0.99662775,28.009825
4506,2023,0,0.0,0.42700174,6.8928843
4507,2023,1,85.0,0.9859876,71.128075
4519,2023,1,57.0,0.9880481,49.032784
4523,2023,1,80.0,0.9982394,54.49162
4543,2023,1,22.0,0.99767584,21.280994
4568,2023,1,30.0,0.9965486,14.452445
4578,2023,1,60.0,0.9982383,67.88517
4689,2023,1,5.56,0.9955095,7.380948
4704,2023,1,184.0,0.9401934,129.71199
4751,2023,1,16.0,0.72150177,14.204037
4755,2023,0,0.0,0.042058937,5.0650024
4901,2023,1,80.0,0.99826777,80.42816
4902,2023,1,5.0,0.011416832,6.717435
4911,2023,1,10.0,0.9577614,29.046837
5019,2023,1,16.0,0.98439676,34.501064
5020,2023,1,11.0,0.9759182,15.348078
5101,2023,1,52.0,0.99814963,74.91434
5108,2023,1,105.0,0.9988965,94.51928
5201,2023,1,105.0,0.99857247,91.69566
5202,2023,0,0.0,0.028436685,22.17754
5214,2023,1,65.0,0.97880965,44.566284
5232,2023,1,60.0,0.9715915,68.30614
5233,2023,1,35.0,0.94675606,48.539593
5301,2023,1,15.0,0.9972619,17.789942
5332,2023,1,50.0,0.99851483,48.884125
5333,2023,1,25.0,0.9982875,25.623184
5401,2023,1,85.0,0.99462044,85.55043
5406,2023,1,45.0,0.9925323,27.739666
5411,2023,1,50.0,0.9931579,33.939915
5541,2023,0,0.0,0.02884199,27.725117
5631,2023,1,30.0,0.9937953,27.244001
5703,2023,1,40.0,0.9824441,48.013187
5706,2023,1,70.0,0.99228823,82.10124
5707,2023,0,0.0,0.1589345,40.11339
5711,2023,1,47.0,0.99697053,53.985504
5713,2023,1,63.0,0.99347794,79.46058
5714,2023,1,130.0,0.99903417,74.50629
5715,2023,1,55.0,0.9925793,36.705124
5801,2023,1,60.0,0.9939824,58.659622
5802,2023,1,52.0,0.9970192,32.049946
5803,2023,1,32.5,0.9852894,29.132738
5901,2023,1,45.0,0.97544575,26.403444
6028,2023,1,55.0,0.97380644,55.119053
6098,2023,1,11.5,0.9956897,18.197725
6103,2023,1,100.0,0.9979227,104.566574
6113,2023,1,35.0,0.9967571,23.518282
6146,2023,1,231.0,0.9792915,245.15828
6178,2023,1,25.0,0.9966628,43.254448
6273,2023,1,500.0,0.9791877,274.12778
6301,2023,1,95.0,0.99770796,68.10362
6302,2023,1,65.0,0.9990515,71.92326
6305,2023,1,65.0,0.99550605,57.3138
6326,2023,1,25.0,0.9975804,45.83547
6361,2023,1,23.0,0.9945463,110.037285
6366,2023,0,0.0,0.084571004,6.5703735
6367,2023,1,130.0,0.99843746,117.47817
6471,2023,1,15.0,0.9965823,12.704241
6472,2023,1,5.0,0.9551931,4.718728
6473,2023,1,20.0,0.9951257,23.232698
6501,2023,1,100.0,0.99932003,71.76772
6503,2023,1,30.0,0.99911994,25.071278
6504,2023,1,75.0,0.99920887,71.46439
6505,2023,1,30.0,0.76813084,28.066166
6506,2023,1,32.0,0.99874437,41.319412
6508,2023,1,50.0,0.9944224,33.660515
6526,2023,1,25.0,0.9938881,58.808964
6594,2023,1,40.0,0.89731467,30.493336
6645,2023,1,52.0,0.9982344,66.647804
6674,2023,1,55.0,0.99859244,43.8677
6701,2023,1,60.0,0.9993174,74.24832
6702,2023,1,130.0,0.99904937,125.63073
6703,2023,1,30.0,0.967383,23.756948
6723,2023,1,28.0,0.98970467,28.58111
6724,2023,1,37.0,0.99802893,32.575024
6752,2023,1,17.5,0.9985201,19.479126
6753,2023,0,0.0,0.00948037,11.470603
6758,2023,1,45.0,0.99756503,43.403088
6762,2023,1,58.0,0.9937038,70.70333
6770,2023,1,10.0,0.99903846,22.485228
6841,2023,1,23.0,0.99818903,27.253868
6857,2023,1,18.0,0.9819394,88.67953
6861,2023,1,150.0,0.99458426,114.60672
6902,2023,1,30.0,0.99944943,65.483086
6920,2023,1,157.0,0.989516,83.70254
6952,2023,1,22.5,0.99901116,22.817682
6954,2023,1,43.88,0.9934382,53.484097
6971,2023,1,25.0,0.9977825,58.137344
6976,2023,1,45.0,0.9970323,38.039005
6981,2023,1,27.0,0.9976376,51.9827
6988,2023,1,130.0,0.9941723,114.19528
7003,2023,1,5.0,0.9344968,24.57
7004,2023,1,23.0,0.99524623,17.957294
7011,2023,1,120.0,0.99828374,66.24137
7012,2023,1,30.0,0.9964342,51.78246
7013,2023,1,50.0,0.92357373,43.407806
7186,2023,1,12.0,0.9978902,14.434885
7201,2023,1,15.0,0.97312737,13.109643
7202,2023,1,49.0,0.99687815,35.69728
7203,2023,1,45.0,0.99837995,31.471836
7205,2023,0,0.0,0.017740238,5.222459
7211,2023,1,5.0,0.9634428,9.678733
7261,2023,1,35.0,0.97785395,28.016161
7267,2023,1,39.0,0.99882776,33.42295
7269,2023,1,67.0,0.9989889,89.34963
7270,2023,1,58.0,0.9945531,49.963886
7272,2023,1,25.0,0.992222,28.388062
7731,2023,1,25.0,0.9975752,20.963488
7733,2023,1,18.0,0.9901181,16.30241
7735,2023,1,140.0,0.97854495,219.69327
7741,2023,1,65.0,0.9914724,65.08544
7751,2023,1,80.0,0.99928623,71.70366
7752,2023,1,18.0,0.9985341,16.33558
7762,2023,1,20.0,0.997922,19.731056
7832,2023,1,50.0,0.99744403,41.40587
7911,2023,1,24.0,0.9969324,42.590145
7912,2023,1,32.0,0.99887305,59.713024
7951,2023,1,37.0,0.9966266,45.043285
7974,2023,1,131.0,0.99395895,91.85647
8001,2023,1,80.0,0.99915326,67.79287
8002,2023,1,43.5,0.9982157,41.19173
8015,2023,1,155.0,0.9982541,95.05115
8031,2023,1,85.0,0.9985557,101.562386
8035,2023,1,245.0,0.99534744,203.26651
8053,2023,1,62.5,0.998978,59.5573
8058,2023,1,35.0,0.9989215,42.007828
8233,2023,1,20.0,0.9995945,33.1846
8252,2023,1,51.0,0.99812585,34.10639
8253,2023,1,105.0,0.9974406,54.136078
8267,2023,1,18.0,0.99320096,29.953661
8304,2023,0,0.0,0.9806213,40.607513
8306,2023,1,20.5,0.99910176,16.367998
8308,2023,1,11.0,0.99856794,14.671252
8309,2023,1,55.0,0.9991364,69.43079
8316,2023,1,135.0,0.9986626,111.62496
8331,2023,1,17.0,0.9979386,19.844673
8354,2023,1,57.5,0.9987262,57.528164
8411,2023,1,55.0,0.98513514,26.125692
8601,2023,1,25.0,0.99703074,21.336693
8604,2023,1,15.0,0.9974311,13.618344
8628,2023,1,20.0,0.98533756,22.140446
8630,2023,1,150.0,0.9979061,77.37814
8697,2023,1,60.0,0.99670345,53.922665
8725,2023,1,150.0,0.99860257,81.5983
8750,2023,1,113.0,0.9985487,75.57146
8766,2023,1,62.5,0.99850404,53.071712
8795,2023,1,35.0,0.98344666,37.53552
8801,2023,1,49.0,0.9976834,44.062122
8802,2023,1,20.0,0.9995851,29.803139
8804,2023,1,58.0,0.99805105,38.26927
8830,2023,1,31.0,0.9953898,30.108229
9001,2023,1,30.0,0.99923193,27.831245
9005,2023,1,10.0,0.998064,11.002699
9007,2023,1,19.0,0.9879907,12.057331
9008,2023,1,30.0,0.9947248,21.83585
9009,2023,1,26.0,0.99667203,22.359468
9020,2023,1,85.0,0.99434364,53.399815
9021,2023,1,84.5,0.99823546,74.50225
9022,2023,1,15.0,0.99755543,56.811104
9064,2023,1,23.0,0.996854,33.294224
9101,2023,1,80.0,0.9962112,97.8724
9104,2023,1,110.0,0.9937452,96.43913
9107,2023,1,150.0,0.9917311,123.63826
9201,2023,1,45.0,0.98591435,26.372063
9202,2023,1,50.0,0.40995777,29.482178
9301,2023,1,70.0,0.99801266,66.48527
9412,2023,1,11.0,0.995856,11.662001
9432,2023,1,2.6,0.9991666,38.52642
9433,2023,1,70.0,0.99857545,70.4843
9434,2023,1,43.0,0.9934934,46.358685
9501,2023,0,0.0,0.17340337,14.714538
9502,2023,1,30.0,0.98384136,37.87406
9503,2023,1,25.0,0.8831183,28.423397
9508,2023,1,25.0,0.310166,13.255824
9531,2023,1,37.5,0.9944218,69.82763
9532,2023,1,50.0,0.9920196,36.402336
9602,2023,1,65.0,0.9956475,31.45894
9735,2023,1,95.0,0.9982697,97.55942
9766,2023,1,69.0,0.9955596,55.1606
9843,2023,1,72.0,0.9967554,93.91039
9983,2023,1,225.0,0.98904186,127.27104
9984,2023,1,22.0,0.9759334,27.955885
1332,2024,1,16.0,0.9992668,15.088194
1333,2024,1,60.0,0.9884189,63.494915
1605,2024,0,0.0,0.99814844,48.600163
1721,2024,1,60.0,0.9992887,48.723263
1801,2024,1,145.0,0.99866724,70.60422
1802,2024,1,41.0,0.99879116,34.17646
1803,2024,1,20.5,0.9480428,17.24966
1808,2024,1,45.0,0.9928585,39.809513
1812,2024,1,59.0,0.9994504,52.196575
1925,2024,1,80.0,0.99941194,64.93099
1928,2024,1,71.0,0.9994382,65.73333
1963,2024,1,40.0,0.83826774,26.651077
2002,2024,1,30.0,0.9992489,26.035984
2212,2024,0,0.0,0.9980071,35.90519
2267,2024,1,32.0,0.98463887,28.416243
2269,2024,1,50.0,0.9974657,44.100956
2282,2024,1,135.0,0.9995402,103.02134
2413,2024,1,21.0,0.94423604,11.871387
2432,2024,1,65.0,0.9431184,21.209955
2501,2024,0,0.0,0.9986796,65.03646
2502,2024,0,0.0,0.9942297,23.528852
2503,2024,0,0.0,0.9994369,30.5319
2531,2024,1,31.0,0.99428284,20.121416
2768,2024,1,75.0,0.996002,73.43243
2801,2024,1,15.0,0.97113895,15.185585
2802,2024,1,40.0,0.9984285,46.111557
2871,2024,1,51.0,0.99962234,45.08404
2914,2024,0,0.0,0.9927275,56.793217
3088,2024,1,23.0,0.9845079,21.50007
3092,2024,1,54.0,0.9885477,77.65081
3099,2024,1,30.0,0.99820065,23.727718
3101,2024,1,40.0,0.86953324,33.29385
3103,2024,0,0.0,0.041728266,16.74981
3105,2024,0,0.0,0.920588,16.940264
3231,2024,1,87.5,0.99741143,69.15648
3289,2024,1,19.5,0.99593145,21.628387
3382,2024,1,20.0,0.9748423,24.811243
3401,2024,1,25.0,0.9909174,19.171482
3402,2024,1,9.0,0.98550886,10.884131
3405,2024,0,0.0,0.99897325,39.546524
3407,2024,1,20.0,0.99844664,15.1152935
3436,2024,0,0.0,0.72686917,19.038036
3659,2024,0,0.0,0.9862006,12.360152
3861,2024,1,12.0,0.9978935,6.720952
3863,2024,1,10.0,0.36341238,23.62835
3865,2024,1,11.0,0.99841845,12.82046
4004,2024,0,0.0,0.9958968,68.60982
4005,2024,1,6.0,0.49467438,5.150027
4021,2024,1,104.0,0.998845,63.7345
4041,2024,1,80.0,0.98583186,56.48654
4042,2024,1,50.0,0.9973078,40.970623
4043,2024,1,50.0,0.99874485,49.480133
4061,2024,1,50.0,0.98945284,40.734924
4063,2024,1,53.0,0.9952897,39.337646
4151,2024,0,0.0,0.99849916,38.036594
4183,2024,1,75.0,0.9823417,85.82672
4188,2024,1,16.0,0.993026,16.920017
4208,2024,1,55.0,0.9989446,49.60589
4272,2024,1,37.5,0.99369097,18.94137
4324,2024,0,0.0,0.9880378,53.154514
4385,2024,0,0.0,0.020885913,24.966818
4452,2024,0,0.0,0.9981686,68.088135
4502,2024,1,98.0,0.99750817,74.60367
4503,2024,1,37.0,0.9915023,29.381102
4506,2024,0,0.0,0.037042007,7.4574275
4507,2024,1,33.0,0.9910557,27.353748
4519,2024,0,0.0,0.99358386,49.97406
4523,2024,1,80.0,0.97721684,68.20839
4543,2024,1,13.0,0.991327,15.616088
4568,2024,1,30.0,0.9945346,24.068838
4578,2024,0,0.0,0.9993154,90.47316
4689,2024,1,7.0,0.99241877,5.9190507
4704,2024,0,0.0,0.98972195,114.25808
4751,2024,1,17.0,0.99703,14.549431
4755,2024,0,0.0,0.02118233,4.9143524
4901,2024,1,35.0,0.99634725,39.445553
4902,2024,0,0.0,0.9132406,7.3143277
4911,2024,0,0.0,0.7622669,22.413475
5019,2024,1,18.0,0.8650886,16.975534
5020,2024,1,13.0,0.99495894,17.417587
5101,2024,0,0.0,0.997148,70.95189
5108,2024,0,0.0,0.9985606,89.96464
5201,2024,0,0.0,0.9906042,65.53735
5202,2024,0,0.0,0.0077585243,18.341953
5214,2024,0,0.0,0.997068,63.896015
5232,2024,1,60.0,0.96049017,73.466934
5233,2024,1,40.0,0.99891746,50.375874
5301,2024,0,0.0,0.90660554,9.543763
5332,2024,1,50.0,0.99916697,43.11882
5333,2024,1,30.0,0.9986337,35.631283
5401,2024,1,80.0,0.9937775,67.05287
5406,2024,1,55.0,0.9015178,29.93532
5411,2024,1,50.0,0.8018944,34.492958
5541,2024,1,135.0,0.041674823,33.40677
5631,2024,1,48.0,0.995723,55.71273
5703,2024,1,50.0,0.9846399,39.230335
5706,2024,1,90.0,0.9983651,86.153915
5707,2024,0,0.0,0.02871493,15.441282
5711,2024,1,50.0,0.99710065,40.951176
5713,2024,1,55.0,0.98821217,63.74694
5714,2024,1,150.0,0.9977908,92.53461
5715,2024,1,40.0,0.96545047,37.809994
5801,2024,1,120.0,0.95359206,90.78884
5802,2024,1,61.0,0.9991628,51.44751
5803,2024,1,66.5,0.99697816,61.915363
5901,2024,1,46.0,0.9980478,36.829033
6028,2024,0,0.0,0.9621548,55.47369
6098,2024,1,12.0,0.996064,25.234068
6103,2024,1,50.0,0.99444133,64.267235
6113,2024,1,31.0,0.99923,26.804594
6146,2024,1,289.0,0.9908529,184.47966
6178,2024,1,25.0,0.9928832,35.58683
6273,2024,1,500.0,0.99466527,341.6348
6301,2024,1,107.0,0.9993081,91.5264
6302,2024,0,0.0,0.9904254,69.634575
6305,2024,1,110.0,0.9941782,61.820545
6326,2024,0,0.0,0.99859375,31.691603
6361,2024,0,0.0,0.9703058,24.603893
6366,2024,0,0.0,0.01918434,7.752085
6367,2024,1,145.0,0.99707055,106.87957
6471,2024,1,17.0,0.9794012,14.488994
6472,2024,1,5.5,0.9451477,5.4578447
6473,2024,1,25.0,0.9908606,26.330503
6501,2024,0,0.0,0.99055123,43.66296
6503,2024,1,30.0,0.99958867,33.967224
6504,2024,1,85.0,0.99904996,73.256454
6505,2024,1,70.0,0.96345276,31.427065
6506,2024,1,34.0,0.98084736,26.509249
6508,2024,1,88.0,0.9950228,63.105343
6526,2024,1,25.0,0.99458826,37.587223
6594,2024,1,20.0,0.94269764,29.809896
6645,2024,1,52.0,0.98207206,43.172447
6674,2024,1,55.0,0.99869835,53.639038
6701,2024,1,70.0,0.99929404,72.23459
6702,2024,1,14.0,0.9949858,24.271631
6703,2024,1,45.0,0.9890203,33.68091
6723,2024,0,0.0,0.99323046,20.237131
6724,2024,1,37.0,0.9978941,36.29292
6752,2024,1,28.0,0.99856263,23.444883
6753,2024,0,0.0,0.02795203,9.66523
6758,2024,1,10.0,0.98748106,24.096018
6762,2024,1,16.0,0.97593075,27.17272
6770,2024,1,30.0,0.9816731,18.611673
6841,2024,1,29.0,0.9965843,41.14115
6857,2024,1,20.0,0.9599851,18.731731
6861,2024,1,175.0,0.9948487,146.80128
6920,2024,1,214.0,0.9732117,80.94645
6952,2024,1,22.5,0.994662,21.052221
6954,2024,1,49.88,0.9970938,41.247715
6971,2024,1,25.0,0.9934977,22.078941
6976,2024,1,45.0,0.893203,23.920145
6981,2024,1,30.0,0.9888354,27.311111
6988,2024,1,28.0,0.98611647,71.24824
7003,2024,1,20.0,0.99409914,50.28365
7004,2024,1,25.0,0.997778,20.583435
7011,2024,1,12.0,0.96714216,11.619702
7012,2024,1,80.0,0.9862942,62.33889
7013,2024,1,70.0,0.55459774,71.00629
7186,2024,1,16.0,0.99835783,16.368313
7201,2024,0,0.0,0.41458106,11.445353
7202,2024,1,46.0,0.99857044,41.86392
7203,2024,1,50.0,0.998206,47.760857
7205,2024,0,0.0,0.027596513,7.386835
7211,2024,1,7.5,0.90201026,8.51592
7261,2024,1,30.0,0.7117631,26.063354
7267,2024,1,34.0,0.99260396,18.299398
7269,2024,1,21.0,0.9960296,19.979078
7270,2024,1,67.0,0.9940836,63.44816
7272,2024,0,0.0,0.95179176,20.595026
7731,2024,1,25.0,0.9980015,27.537226
7733,2024,1,20.0,0.9944002,16.2214
7735,2024,1,188.0,0.9648892,107.83642
7741,2024,1,115.0,0.9923839,80.488945
7751,2024,0,0.0,0.9993292,70.21458
7752,2024,1,19.0,0.99868816,24.712269
7762,2024,1,22.5,0.9973701,22.594032
7832,2024,1,60.0,0.9981717,36.68123
7911,2024,1,32.0,0.9987741,36.649197
7912,2024,1,22.0,0.9832876,27.62029
7951,2024,1,13.0,0.99338454,18.608606
7974,2024,1,85.0,0.9944734,103.8913
8001,2024,1,100.0,0.9991823,70.243546
8002,2024,1,50.0,0.99752384,45.734287
8015,2024,1,55.0,0.9402612,59.238914
8031,2024,1,50.0,0.9767079,57.947224
8035,2024,1,327.0,0.99725145,171.27182
8053,2024,1,65.0,0.99910337,61.41596
8058,2024,1,50.0,0.99802554,41.831985
8233,2024,1,13.0,0.95908815,21.441542
8252,2024,1,53.0,0.9947461,43.9077
8253,2024,1,120.0,0.9969716,83.48898
8267,2024,1,20.0,0.9962603,23.751253
8304,2024,1,22.0,0.009435197,33.779068
8306,2024,1,39.0,0.99868447,24.601465
8308,2024,1,13.5,0.9990772,19.426767
8309,2024,1,82.5,0.9959538,62.763226
8316,2024,1,62.0,0.97539085,45.07185
8331,2024,1,22.0,0.99687,20.701303
8354,2024,1,70.0,0.99706703,73.42668
8411,2024,1,75.0,0.9953695,41.051796
8601,2024,1,28.0,0.99879694,28.520386
8604,2024,1,34.0,0.9984059,20.444344
8628,2024,1,18.0,0.9848588,29.947935
8630,2024,1,76.0,0.96964294,76.432846
8697,2024,1,29.0,0.987528,41.170692
8725,2024,1,72.5,0.9749971,74.91756
8750,2024,1,76.0,0.99873656,99.42601
8766,2024,1,91.0,0.9990038,65.001015
8795,2024,1,40.0,0.9974196,55.269108
8801,2024,1,16.0,0.9560317,13.885778
8802,2024,1,22.0,0.9994797,22.363674
8804,2024,0,0.0,0.99340844,57.36691
8830,2024,1,35.0,0.99852365,32.57882
9001,2024,1,32.5,0.97578615,26.970398
9005,2024,1,13.0,0.9986821,15.331809
9007,2024,1,25.0,0.98341584,12.102971
9008,2024,1,50.0,0.9982957,33.761063
9009,2024,1,15.0,0.9843067,15.294098
9020,2024,1,34.0,0.9765465,29.779184
9021,2024,1,47.5,0.96951205,37.95569
9022,2024,1,16.0,0.9954116,34.67559
9064,2024,1,23.0,0.9685808,20.01113
9101,2024,1,195.0,0.9929975,65.45329
9104,2024,1,180.0,0.97173506,83.97504
9107,2024,1,50.0,0.9150967,29.27748
9201,2024,1,40.0,0.9893623,23.63758
9202,2024,1,60.0,0.99667823,37.16575
9301,2024,1,16.0,0.9860269,21.553528
9412,2024,1,16.0,0.99008906,12.587457
9432,2024,1,2.6,0.9981158,6.2998548
9433,2024,1,75.0,0.99841094,60.177036
9434,2024,1,4.3,0.97987217,16.909554
9501,2024,0,0.0,0.015830437,16.145285
9502,2024,1,30.0,0.99043685,32.858055
9503,2024,1,30.0,0.99346465,36.320904
9508,2024,1,25.0,0.98650324,24.553534
9531,2024,1,45.0,0.9987368,58.287975
9532,2024,1,47.5,0.9995272,54.936207
9602,2024,1,50.0,0.99698657,45.956482
9735,2024,1,50.0,0.99414,69.47551
9766,2024,1,99.5,0.99673426,128.11008
9843,2024,1,76.0,0.9969056,72.49717
9983,2024,1,260.0,0.99656665,169.80319
9984,2024,1,22.0,0.97202784,24.520374
